==> terminology gate
Source-selection M4 retained legacy spellings:
  - cmd/gateway/gateway_cli.go:199: retained source-addr: locked plan keeps CLI -source-addr as explicit source config input; it no longer bypasses selection
  - cmd/gateway/gateway_cli.go:211: retained source-addr: locked plan keeps CLI -source-addr as explicit source config input; it no longer bypasses selection
  - cmd/gateway/main_test.go:48: retained -source-addr: CLI compatibility tests document retained explicit source config input
  - cmd/gateway/main_test.go:49: retained source-addr: CLI compatibility tests document retained explicit source config input
  - cmd/gateway/main_test.go:63: retained -source-addr: CLI compatibility tests document retained explicit source config input
  - cmd/gateway/main_test.go:64: retained source-addr: CLI compatibility tests document retained explicit source config input
  - cmd/gateway/main_test.go:78: retained -source-addr: CLI compatibility tests document retained explicit source config input
  - cmd/gateway/main_test.go:79: retained source-addr: CLI compatibility tests document retained explicit source config input
  - scripts/passive_matrix_case_ha.sh:356: retained -source-addr: HA matrix script passes auto so current gateway selects/validates the source
Source-selection M4 public API gate passed.
==> gofmt
==> portal node tests
✔ L7 catalog services list renders via escapeHtml (safe) for catalog strings (5.851666ms)
✔ L7 decode sandbox output uses textContent, never innerHTML, for user-controlled bytes (1.791458ms)
✔ L7 command view renders unknown safety_class as 'unknown' fallback (1.393291ms)
✔ L7 Standard Catalog section is emitted by render() with required data-role elements (1.155083ms)
✔ L7 decode click-through flow renders output via textContent (XSS hardening preserved) (1.771792ms)
✔ L7 decode form dropdown option values are catalog-canonical (legacy terminology rejected) (1.43825ms)
✔ L7 decode click forwards canonical direction/frame_type to fetch (1.3815ms)
✔ L7 decode click fails closed on unknown direction/frame_type (no fetch, inline error) (0.950833ms)
✔ L7 PB filter blocks refreshL7Commands on malformed PB and surfaces inline error (4.461125ms)
✔ L7 PB filter parses well-formed hex/decimal and forwards to refreshL7Commands (3.469542ms)
✔ L7 nav button is disabled when capabilities.ebus_standard=false (1.445042ms)
✔ L7 nav button is enabled when capabilities.ebus_standard=true (1.878833ms)
✔ activateSection(section-l7-catalog) no-ops when ebus_standard=false (no refreshL7Services call) (0.9205ms)
✔ activateSection(section-l7-catalog) triggers refreshL7Services when ebus_standard=true (0.916292ms)
✔ L7 commands PB filter forwards 0x-prefixed hex verbatim (ui=0xff → pb=0xff, NOT pb=255) (1.531166ms)
✔ L7 commands PB filter preserves 0x prefix verbatim (ui=0x10 → pb=0x10) (1.972458ms)
✔ L7 commands PB filter rejects non-hex locally and does not fetch (ui=banana) (1.165333ms)
✔ L7 decode submit forwards pb/sb verbatim (ui=0xff,8 → pb=0xff,sb=8, NOT Number()-round-tripped) (1.103583ms)
✔ L7 PB filter forwards decimal 10 verbatim (ui=10 → pb=10, NOT pb=0x10) (0.93725ms)
✔ INT-09 fixture pins all five domains and the exact pack versions (3.810209ms)
✔ INT-09 schema is closed and matches the host renderer boundary (1.052042ms)
✔ INT-09 prototype is fixture-only and reads perspectives from the fixture (1.576167ms)
(node:12759) [MODULE_TYPELESS_PACKAGE_JSON] Warning: Module type of file://[workspace]/portal/web/prototype/int09.js is not specified and it doesn't parse as CommonJS.
Reparsing as ES module because module syntax was detected. This incurs a performance overhead.
To eliminate this warning, add "type": "module" to [workspace]/portal/web/package.json.
(Use `node --trace-warnings ...` to show where the warning was created)
✔ INT-09 fixture navigation handles changed state and a valid sixth contribution generically (1.206417ms)
✔ INT-09 binds catalog state to full registry identity (0.994167ms)
✔ INT-09 preserves every requested state and caller-scoped action outcome (0.51375ms)
✔ INT-09 unauthorized actions create no DOM node or descriptive leak (1.764ms)
✔ INT-09 prototype uses focus-visible and non-color text state cues (0.474667ms)
✔ PortalShell ignores stale bootstrap completions when arming bus observability polling (7.32925ms)
✔ PortalShell renders the gateway version in the topbar status (1.867083ms)
✔ PortalShell renders unsupported adapter info with an unsupported label (41.338167ms)
✔ PortalShell renders promoted false and zero values distinctly from unavailable (1.812709ms)
✔ PortalShell renders the provider-owned FM5 degraded verdict (1.6ms)
✔ Portal source contains no eeBUS login, credential, session, or CSRF surface (6.317917ms)
✔ Portal status and all four partner views use one state_revision envelope without auth headers (2.082625ms)
▶ Portal emits the exact closed mutation matrix with revision and Idempotency-Key only
  ✔ open (1.9135ms)
  ✔ close (1.242083ms)
  ✔ cancel (1.123375ms)
  ✔ retry (0.868917ms)
  ✔ untrust (1.014958ms)
  ✔ connect (1.018584ms)
  ✔ confirm (1.141458ms)
✔ Portal emits the exact closed mutation matrix with revision and Idempotency-Key only (9.073542ms)
✔ selection requires independently entered complete OOB SKI and connect keeps only selection_id (0.998083ms)
✔ PIN connect never enters generic pending replay and clears the password field immediately (1.117334ms)
✔ Portal renders only the six documented terminal PIN outcomes (3.86ms)
✔ network retry reuses the exact body and Idempotency-Key without session state (1.242375ms)
✔ candidate and raw SPINE remain active-memory only and clear on visibility loss (1.303709ms)
▶ newest candidate survives delayed unrelated admin responses and older candidate refreshes
  ✔ delayed status (1.425583ms)
  ✔ delayed partners (0.929166ms)
  ✔ delayed discovery (0.805458ms)
  ✔ delayed selection (0.9375ms)
  ✔ delayed readiness (1.171042ms)
  ✔ older candidate response (1.377375ms)
✔ newest candidate survives delayed unrelated admin responses and older candidate refreshes (7.120958ms)
✔ eeBUS renders three separate Pairing SHIP and SPINE workspaces (1.868875ms)
✔ trusted offline rows show reconnect required and never expose Browse SPINE (0.767ms)
✔ SPINE peer refresh requests only the connected view and Browse stays GET-only (0.906666ms)
✔ workspace navigation clears only the departing workspace volatile authority (0.861167ms)
▶ Pairing to SHIP and Pairing to SPINE clear every transient pairing authority
  ✔ ship (0.788709ms)
  ✔ spine (0.955625ms)
✔ Pairing to SHIP and Pairing to SPINE clear every transient pairing authority (1.930375ms)
▶ visibility loss, component disconnect, and leaving eeBUS clear pairing authority
  ✔ visibility loss (0.832209ms)
  ✔ component disconnect (0.81975ms)
  ✔ leave eeBUS section (0.757458ms)
✔ visibility loss, component disconnect, and leaving eeBUS clear pairing authority (2.698292ms)
✔ candidate, pending replay, and active action expiry retire their volatile caches (1.182125ms)
✔ successive pairing actions ignore stale status and render each terminal only once (0.794583ms)
▶ status requests may retire only the action that was current when the request started
  ✔ missing active action (0.708083ms)
  ✔ mismatched terminal (0.601042ms)
✔ status requests may retire only the action that was current when the request started (1.491125ms)
▶ terminal PIN outcomes and action expiry abort every pairing authority
  ✔ pin required (0.714625ms)
  ✔ pin optional (0.703125ms)
  ✔ expired (0.722959ms)
  ✔ stale terminal cannot abort the next selection (0.651791ms)
✔ terminal PIN outcomes and action expiry abort every pairing authority (3.046958ms)
✔ no-PIN Connect may reselect after pin_required and submit one transient exact PIN (1.213041ms)
▶ late Select and Connect completions cannot escape pairing retirement boundaries
  ✔ select then navigate SHIP (1.350542ms)
  ✔ select then navigate SPINE (0.939625ms)
  ✔ select then visibility loss (0.786042ms)
  ✔ select then component disconnect (0.743916ms)
  ✔ select then leave eeBUS component (0.761208ms)
  ✔ connect then navigate SHIP (0.836916ms)
  ✔ connect then navigate SPINE (0.631334ms)
  ✔ connect then visibility loss (0.935875ms)
  ✔ connect then component disconnect (0.832708ms)
  ✔ connect then leave eeBUS component (1.349292ms)
✔ late Select and Connect completions cannot escape pairing retirement boundaries (9.836459ms)
▶ late predecessor Select and Connect completions cannot overwrite a successor flow
  ✔ Select predecessor (1.105584ms)
  ✔ Connect predecessor (0.79425ms)
✔ late predecessor Select and Connect completions cannot overwrite a successor flow (2.126042ms)
✔ raw Modbus browser call uses the fixed Portal route (3.518625ms)
✔ PV and raw panels follow all independent capability combinations (3.540208ms)
✔ PV polling interval is cleared during teardown (1.875958ms)
✔ raw Modbus renders bounded unavailable text for network and non-JSON failures (2.385791ms)
✔ raw Modbus rejects a range crossing 65536 before fetch (1.30025ms)
✔ VaillantB503Pane_NavItemRegistered (7.078917ms)
✔ VaillantB503Pane_Unknown_ShowsProbeFailureHint (1.72225ms)
✔ VaillantB503Pane_Available_ShowsThreeTabs (1.863959ms)
✔ VaillantB503Pane_ErrorsTab_RendersSlots (1.126625ms)
✔ VaillantB503Pane_NoInstallWriteAffordance (1.62725ms)
✔ VaillantB503Pane_LiveMonitor_AutoDisableOnLeave (1.746083ms)
✔ VaillantB503Pane_AutoDisableKeepsTokenOnGraphQLError (1.205583ms)
✔ VaillantB503Pane_LateEnable_AtoBRetainsPriorTokenUntilConfirmedCleanup (1.823542ms)
✔ VaillantB503Pane_StaleEnableKeepsNewerSessionWhenOldCleanupIsBusy (0.95625ms)
✔ VaillantB503Pane_DelayedOldCleanupPreservesReplacementToken (1.127292ms)
✔ VaillantB503Pane_TargetProbeUnmountsOldLiveControlsBeforeBQualification (1.202167ms)
✔ VaillantB503Pane_RapidTargetChangesOnlyProbeNewestQualification (1.0535ms)
✔ VaillantB503Pane_stalledQualificationTimesOutAndReentrySupersedesStaleProbe (1.454458ms)
✔ VaillantB503Pane_targetQualificationDoesNotWaitForBlockedOldCleanup (1.0455ms)
✔ VaillantB503Pane_targetSwitchCleansRetainedAPairRatherThanPreviousPicker (1.159417ms)
✔ VaillantB503ProjectionTargetCleanupPreservesRetainedDefaultPair (1.052916ms)
✔ VaillantB503Pane_DelayedExplicitDisablePreservesNewSameTargetEnable (1.777875ms)
✔ VaillantB503Pane_StaleExplicitDisableClearsItsStillCurrentPair (1.273791ms)
✔ VaillantB503Pane_reason_matrix_has_stable_state_selectors (3.358417ms)
✔ VaillantB503Pane_empty_target_preserves_configured_default_for_every_request (1.231166ms)
✔ VaillantB503Pane_nonempty_targets_keep_the_probed_configured_default_selected (1.03675ms)
✔ VaillantB503Pane_empty_discovery_keeps_configured_default_target_option (0.704458ms)
✔ VaillantB503ProjectionCard_renders_without_projection_planes (0.981375ms)
✔ VaillantB503ProjectionCard_stalledOptionalProbeDoesNotBlockPreview (0.836667ms)
✔ VaillantB503Pane_discoveryRefreshesPickerWithoutChangingQualifiedState (1.000666ms)
✔ VaillantB503Pane_discoveryRetainsExplicitSelectedTarget (1.039292ms)
✔ VaillantB503Pane_discoveryKeepsActiveResultNodeAttached (0.736667ms)
✔ VaillantB503ProjectionCard_ignores_out_of_order_A_B_A_capability_results (0.95375ms)
✔ VaillantB503ProjectionCard_target_wins_over_a_stale_hidden_picker (0.897416ms)
✔ VaillantB503ProjectionCard_qualifiesTargetBeforeStaleLiveControlsCanRun (1.091084ms)
✔ VaillantB503Pane_session_status_does_not_infer_a_foreign_owner (0.815542ms)
✔ VaillantB503Pane_visibleAndDeferredSessionReadsSerializeAndIgnoreSupersededResult (1.136541ms)
✔ VaillantB503Pane_sessionStatusTimeoutReleasesTheNextGeneration (0.974333ms)
✔ VaillantB503Pane_disconnectAbortsStalledStatusAndReconnectsWithoutLateWrite (1.191958ms)
✔ VaillantB503Pane_refreshing_session_holds_gate_and_disables_live_operations (1.281666ms)
✔ VaillantB503Pane_visibleLiveSessionPollShowsExternalIdleExpiry (0.926166ms)
✔ VaillantB503Pane_sessionPollStopsHiddenAndOnNavigation (0.783584ms)
✔ VaillantB503Pane_failedLiveActionRefreshesVisibleSessionStrip (0.82825ms)
✔ VaillantB503Pane_refreshingStripRemainsVisibleWithoutOperationsWhenCapabilityUnknown (0.81675ms)
✔ VaillantB503Pane_activeCurrentOwnerRetainsOnlyReadDisableWhenCapabilityUnknown (0.916417ms)
✔ VaillantB503Pane_successfulEnableRequalifiesAvailableToUnknownOwnerControls (1.102208ms)
✔ VaillantB503Pane_successfulDisableRequalifiesAvailableAndUnmountsOperations (1.156959ms)
✔ VaillantB503Pane_idleExpiryRequalifiesCachedAvailableAndUnmountsOperations (0.93225ms)
✔ VaillantB503Pane_unknownOtherTargetOrNonOwnerGetsNoLiveControls (2.48175ms)
✔ VaillantB503Pane_activeUnknownExceptionUnmountsOnOwnershipLoss (0.940417ms)
✔ VaillantB503Pane_refreshingNavigationDefersPairCleanupUntilActive (0.973875ms)
✔ VaillantB503Pane_navAwayUsesAuthoritativeRefreshingStatusNotCachedActive (0.857375ms)
✔ VaillantB503Pane_navAwayRetriesWhenAuthoritativeStatusAlreadySettledActive (0.966208ms)
✔ VaillantB503Pane_targetReprobesAfterDetachedCleanupReleasesSession (0.952791ms)
✔ VaillantB503Pane_pendingCapabilityConsumesEarlierConfirmedCleanup (1.064083ms)
✔ VaillantB503Pane_tabSwapDoesNotAwaitHungLiveCleanup (1.277542ms)
✔ VaillantB503Pane_tabSwapConfirmedCleanupRequalifiesCurrentTarget (0.910583ms)
✔ VaillantB503Pane_hiddenDeferredCleanupPollsRefreshingPairUntilActiveOnce (0.918166ms)
✔ VaillantB503Pane_sessionEnvelopeFailureRetainsPairAndBoundsDeferredStatusRetries (0.930958ms)
✔ VaillantB503Pane_deferredRefreshingStatusLoopHasFiniteAttemptBound (1.392542ms)
✔ VaillantB503Pane_disconnectStopsDeferredStatusReadWithoutDiscardingPair (0.653667ms)
✔ VaillantB503Pane_disconnectFencesAnInFlightDeferredStatusResult (0.850791ms)
✔ VaillantB503Pane_refreshFailureReleaseClearsDeferredPairWithoutWrite (0.8555ms)
✔ VaillantB503Pane_threads_target_and_discards_stale_error_response (0.648833ms)
✔ VaillantB503Pane_historyFirstLoadRendersVerifiedPartialPrefix (1.176791ms)
✔ VaillantB503Pane_historyPartialFailureRetainsPriorTableRows (0.927708ms)
✔ VaillantB503Pane_historyRetentionIsByTargetNotQualificationEpoch (0.736459ms)
✔ VaillantB503Pane_uses_graphql_history_session_and_AD02_contract (0.527875ms)
ℹ tests 158
ℹ suites 0
ℹ pass 158
ℹ fail 0
ℹ cancelled 0
ℹ skipped 0
ℹ todo 0
ℹ duration_ms 146.222208
==> portal assets
==> portal asset build

> @helianthus/portal-web@0.1.0 build
> node ./scripts/build.mjs

portal assets built:
- app.js: 222751 bytes sha256=7e07573db587c1215b77fbd0ff45babd136721665671810dabeec263a12ad4e5
- app.css: 10903 bytes sha256=62955b2dd57cda99273002f7b96ac6e45eb394ed4de683759cb9b59b92d62fc2
portal assets are up to date
==> go vet
==> go build
==> linux 32-bit build
==> go test (race)
ok      github.com/Project-Helianthus/helianthus-ebusgateway    10.994s
ok      github.com/Project-Helianthus/helianthus-ebusgateway/cmd/ebusdscan    1.344s
2026/09/15 19:20:38 INFO runtime_state: file absent, starting empty path=[temp]/TestIssue851RunKeepsHTTPShellAliveWhenEBusConstructionFails2252943486/001/runtime-state.json
2026/09/15 19:20:38 eBUS driver unavailable; continuing state=STARTING reason=START_REQUESTED
2026/09/15 19:20:38 WARN: startup source selection escalation accumulator zeroed reason=process_start
2026/09/15 19:20:38 startup source selection candidate source=0xF0 companion_target=0xF5 provenance=configured_source
2026/09/15 19:20:38 startup scan pass
2026/09/15 19:20:38 startup_directed_probe_phase begin source=0xF0 provenance=source_selection
2026/09/15 19:20:38 INFO runtime_state: file absent, starting empty path=[temp]/TestIssue851HTTPShellStartsWhileEBusConstructionIsBlocked4269116785/001/runtime-state.json
2026/09/15 19:20:38 eBUS driver unavailable; continuing state=STARTING reason=START_REQUESTED
2026/09/15 19:20:38 startup source selection candidate source=0xF0 companion_target=0xF5 provenance=configured_source
2026/09/15 19:20:38 startup scan pass
2026/09/15 19:20:38 startup_directed_probe_phase begin source=0xF0 provenance=source_selection
2026/09/15 19:20:38 INFO runtime_state: file absent, starting empty path=[temp]/TestIssue851DelayedHealthyDriverWakesOneImmediateStartupScan1538059176/001/runtime-state.json
2026/09/15 19:20:38 eBUS driver unavailable; continuing state=STARTING reason=START_REQUESTED
2026/09/15 19:20:38 startup source selection candidate source=0xF0 companion_target=0xF5 provenance=configured_source
2026/09/15 19:20:38 startup scan pass
2026/09/15 19:20:38 startup_directed_probe_phase begin source=0xF0 provenance=source_selection
2026/09/15 19:20:38 INFO runtime_state: file absent, starting empty path=[temp]/TestIssue851HTTPShellStartsBeforeENHSourceSelectionWarmup1780466742/001/runtime-state.json
2026/09/15 19:20:38 eBUS driver unavailable; continuing state=STARTING reason=START_REQUESTED
2026/09/15 19:20:38 passive reconstructor started
2026/09/15 19:20:38 source address selection warmup begin
2026/09/15 19:20:38 startup source selection degraded reason=source_selection_failed err=context canceled
2026/09/15 19:20:38 startup scan pass
2026/09/15 19:20:38 startup_directed_probe_phase begin source=0xF0 provenance=configured
2026/09/15 19:20:38 INFO runtime_state: file absent, starting empty path=[temp]/TestIssue851RunCanonicalizesURIOverrideForAllRuntimePoliciesebu3224650120/001/runtime-state.json
2026/09/15 19:20:38 eBUS driver unavailable; continuing state=STARTING reason=START_REQUESTED
2026/09/15 19:20:38 startup scan pass
2026/09/15 19:20:38 startup_directed_probe_phase begin source=0x00 provenance=auto
2026/09/15 19:20:38 INFO runtime_state: file absent, starting empty path=[temp]/TestIssue851RunCanonicalizesURIOverrideForAllRuntimePoliciestcp3379673491/001/runtime-state.json
2026/09/15 19:20:38 eBUS driver unavailable; continuing state=STARTING reason=START_REQUESTED
2026/09/15 19:20:38 startup source selection candidate source=0x7F companion_target=0x84 provenance=source_selection_default_policy
2026/09/15 19:20:38 startup scan pass
2026/09/15 19:20:38 startup_directed_probe_phase begin source=0x7F provenance=source_selection
2026/09/15 19:20:38 INFO runtime_state: file absent, starting empty path=[temp]/TestIssue851RunCanonicalizesURIOverrideForAllRuntimePoliciesudp374489216/001/runtime-state.json
2026/09/15 19:20:38 eBUS driver unavailable; continuing state=STARTING reason=START_REQUESTED
2026/09/15 19:20:38 startup source selection candidate source=0x7F companion_target=0x84 provenance=source_selection_default_policy
2026/09/15 19:20:38 startup scan pass
2026/09/15 19:20:38 startup_directed_probe_phase begin source=0x7F provenance=source_selection
2026/09/15 19:20:38 INFO runtime_state: file absent, starting empty path=[temp]/TestIssue851RunCanonicalizesURIOverrideForAllRuntimePoliciesada2096820578/001/runtime-state.json
2026/09/15 19:20:38 eBUS driver unavailable; continuing state=STARTING reason=START_REQUESTED
2026/09/15 19:20:38 startup source selection: adapter-direct multiplexer detected; treating as source-selection-capable (underlying transport is always ENH/ENS)
2026/09/15 19:20:38 startup source selection candidate source=0x7F companion_target=0x84 provenance=source_selection_default_policy
2026/09/15 19:20:38 startup scan pass
2026/09/15 19:20:38 startup_directed_probe_phase begin source=0x7F provenance=source_selection
2026/09/15 19:20:38 INFO runtime_state: file absent, starting empty path=[temp]/TestIssue851RunCanonicalizesURIOverrideForAllRuntimePoliciesada185971082/001/runtime-state.json
2026/09/15 19:20:38 eBUS driver unavailable; continuing state=STARTING reason=START_REQUESTED
2026/09/15 19:20:38 startup source selection: adapter-direct multiplexer detected; treating as source-selection-capable (underlying transport is always ENH/ENS)
2026/09/15 19:20:38 startup source selection candidate source=0x7F companion_target=0x84 provenance=source_selection_default_policy
2026/09/15 19:20:38 startup scan pass
2026/09/15 19:20:38 startup_directed_probe_phase begin source=0x7F provenance=source_selection
2026/09/15 19:20:38 adaptermux: INIT handshake succeeded, upstream features=0x01
2026/09/15 19:20:39 adaptermux: INFO version parse failed: adapter version response has invalid length (1 bytes): ebus: payload does not match expected schema
2026/09/15 19:20:39 adaptermux: INFO cache populated (1 entries)
2026/09/15 19:20:39 adapter-direct: connected to tcp/127.0.0.1:53853
2026/09/15 19:20:39 adaptermux: INIT handshake succeeded, upstream features=0x01
2026/09/15 19:20:39 adaptermux: INFO version parse failed: adapter version response has invalid length (1 bytes): ebus: payload does not match expected schema
2026/09/15 19:20:39 adaptermux: INFO cache populated (1 entries)
2026/09/15 19:20:39 adapter-direct: connected to tcp/127.0.0.1:53869
2026/09/15 19:20:39 adaptermux: INIT handshake succeeded, upstream features=0x01
2026/09/15 19:20:40 adaptermux: INFO version parse failed: adapter version response has invalid length (1 bytes): ebus: payload does not match expected schema
2026/09/15 19:20:40 adaptermux: INFO cache populated (1 entries)
2026/09/15 19:20:40 adapter-direct: connected to tcp/127.0.0.1:53869
2026/09/15 19:20:40 adaptermux: INIT handshake succeeded, upstream features=0x01
2026/09/15 19:20:40 adaptermux: INFO version parse failed: adapter version response has invalid length (1 bytes): ebus: payload does not match expected schema
2026/09/15 19:20:40 adaptermux: INFO cache populated (1 entries)
2026/09/15 19:20:40 adapter-direct: connected to tcp/127.0.0.1:53878
2026/09/15 19:20:40 adaptermux: INIT handshake succeeded, upstream features=0x01
2026/09/15 19:20:41 adaptermux: INFO version parse failed: adapter version response has invalid length (1 bytes): ebus: payload does not match expected schema
2026/09/15 19:20:41 adaptermux: INFO cache populated (1 entries)
2026/09/15 19:20:41 adapter-direct: connected to tcp/127.0.0.1:53884
2026/09/15 19:20:41 adapter-direct: proxy listener on 127.0.0.1:53886
2026/09/15 19:20:41 adaptermux: INIT handshake succeeded, upstream features=0x01
2026/09/15 19:20:41 adaptermux: INFO version parse failed: adapter version response has invalid length (1 bytes): ebus: payload does not match expected schema
2026/09/15 19:20:41 adaptermux: INFO cache populated (1 entries)
2026/09/15 19:20:41 adapter-direct: connected to tcp/127.0.0.1:53884
2026/09/15 19:20:41 adapter-direct: proxy listener on 127.0.0.1:53911
2026/09/15 19:20:41 adaptermux: INIT handshake succeeded, upstream features=0x01
2026/09/15 19:20:42 adaptermux: INFO version parse failed: adapter version response has invalid length (1 bytes): ebus: payload does not match expected schema
2026/09/15 19:20:42 adaptermux: INFO cache populated (1 entries)
2026/09/15 19:20:42 adapter-direct: connected to tcp/127.0.0.1:53912
2026/09/15 19:20:42 adapter-direct: proxy listener on 127.0.0.1:53914
2026/09/15 19:20:42 adapter-direct: proxy listener failed: use of closed network connection
2026/09/15 19:20:42 adapter-direct: proxy listener failed: stale accept-loop completion
2026/09/15 19:20:42 adaptermux: INIT handshake succeeded, upstream features=0x01
2026/09/15 19:20:42 adaptermux: INFO version parse failed: adapter version response has invalid length (1 bytes): ebus: payload does not match expected schema
2026/09/15 19:20:42 adaptermux: INFO cache populated (1 entries)
2026/09/15 19:20:42 adapter-direct: connected to tcp/127.0.0.1:53912
2026/09/15 19:20:42 adapter-direct: proxy listener on 127.0.0.1:53917
2026/09/15 19:20:42 adapter-direct: proxy listener failed: late retired-listener error
2026/09/15 19:20:42 adaptermux: INIT handshake succeeded, upstream features=0x01
2026/09/15 19:20:43 adaptermux: INFO version parse failed: adapter version response has invalid length (1 bytes): ebus: payload does not match expected schema
2026/09/15 19:20:43 adaptermux: INFO cache populated (1 entries)
2026/09/15 19:20:43 adapter-direct: connected to tcp/127.0.0.1:53918
2026/09/15 19:20:43 adapter-direct: proxy listener on 127.0.0.1:53920
2026/09/15 19:20:43 adaptermux: session 1 connected from pipe
2026/09/15 19:20:43 adapter-direct: proxy listener failed: use of closed network connection
2026/09/15 19:20:43 eeBUS operator boundary unavailable reason=operator_runtime
invalid value "-1" for flag -eebus-listen-port: invalid eebus-listen-port "-1"
Usage of gateway-test:
  -address string
        transport address (unix socket path or host:port) (default "/var/run/ebusd/ebusd.socket")
  -boot-live-timeout duration
        semantic startup timeout before entering degraded mode (default 2m0s)
  -broadcast
        enable broadcast listener (separate connection)
  -diagnostic-full-range-retry
        allow full-range retry on non-ebusd-tcp transports after a Vaillant root candidate is observed
  -dial-timeout duration
        transport dial timeout (default 5s)
  -dump-include-pii
        include identifiers in unknown device dumps
  -dump-output-dir string
        unknown device dump output dir (default "./dumps")
  -dump-upload-path string
        register dump upload endpoint path
  -dump-upload-url string
        unknown device dump upload url (internal)
  -eebus-certificate-path value
        eeBUS certificate file path
  -eebus-discovery-enabled
        enable eeBUS discovery
  -eebus-enabled
        record intent to activate the eeBUS runtime sidecar (M5A does not start it)
  -eebus-interfaces value
        comma-separated explicit eeBUS network interfaces
  -eebus-listen-port value
        eeBUS SHIP listen port (0 remains unconfigured)
  -eebus-pairing-window-mode value
        eeBUS pairing-window mode (M5A: closed only)
  -eebus-private-key-path value
        eeBUS private-key file path
  -eebus-remote-ski-allowlist value
        comma-separated remote eeBUS SKI allowlist
  -eebus-state-root value
        eeBUS runtime state root
  -eebus-subnets value
        comma-separated explicit eeBUS network prefixes
  -eebus-trust-store-path value
        eeBUS trust-store file path
  -enable-static-seed-table
        plant productids static seed entries (NETX3 0xF1 / 0xF6 / 0x04 / 0xFF, BASV2 0x15 / 0xEC) into registry at startup; default false
  -external-write-policy value
        externally observed write policy: invalidate_only, record_only, or record_and_invalidate
  -graphql-path string
        graphql endpoint path (default "/graphql")
  -growatt-bms-rs485-asset-id string
        explicit non-secret stable Growatt BMS semantic asset identity
  -growatt-bms-rs485-baud value
        Growatt BMS RS-485 baud
  -growatt-bms-rs485-driver-generation uint
        explicit Growatt BMS driver generation
  -growatt-bms-rs485-enabled
        enable the exact read-only Growatt BMS RS-485 V2.02 observer
  -growatt-bms-rs485-max-quiescence duration
        Growatt BMS RTU recovery quiescence bound
  -growatt-bms-rs485-max-response-delay duration
        Growatt BMS maximum RTU response delay
  -growatt-bms-rs485-parity string
        Growatt BMS RS-485 parity: none, even, or odd
  -growatt-bms-rs485-response-timeout duration
        Growatt BMS RTU response timeout
  -growatt-bms-rs485-serial-path string
        configured Growatt BMS RS-485 serial path
  -growatt-bms-rs485-source-epoch string
        explicit Growatt BMS source epoch
  -growatt-bms-rs485-source-id string
        explicit non-secret Growatt BMS source identity
  -growatt-bms-rs485-stop-bits value
        Growatt BMS RS-485 stop bits
  -growatt-bms-rs485-unit-id value
        Growatt BMS unicast Modbus unit ID
  -http-addr string
        http listen address (empty disables) (default ":8080")
  -instance-guid value
        stable gateway instance UUIDv4 (lowercase)
  -instance-guid-source string
        AD27 provenance tag for -instance-guid (runtime_state | legacy_migrated | generated | cli-override); empty defaults to cli-override with a deprecation log when -instance-guid is provided
  -m2m-graphql-allowed-assets value
        comma-separated opaque asset allowlist
  -m2m-graphql-client-ca string
        client CA file for the dedicated M2M GraphQL listener
  -m2m-graphql-denied-principals value
        comma-separated SHA-256 client certificate fingerprints
  -m2m-graphql-listen string
        dedicated M2M GraphQL TLS listen address
  -m2m-graphql-server-cert string
        server certificate file for the dedicated M2M GraphQL listener
  -m2m-graphql-server-key string
        server private-key file for the dedicated M2M GraphQL listener
  -m2m-graphql-server-name string
        dedicated M2M GraphQL server certificate identity
  -mcp-path string
        mcp endpoint path (default "/mcp")
  -mdns
        advertise graphql endpoint via mdns (default true)
  -mdns-instance string
        mdns instance name (default "helianthus")
  -modbus-tcp-dial-timeout duration
        Modbus TCP dial timeout
  -modbus-tcp-enabled
        enable the read-only Modbus TCP sidecar
  -modbus-tcp-endpoint string
        Modbus TCP endpoint URI (tcp://host:port)
  -modbus-tcp-endpoint-file string
        path to an owner-only file containing the Modbus TCP endpoint URI
  -network string
        transport network: unix, tcp, or udp (default "unix")
  -observe-first-enabled
        enable observe-first runtime behavior gates
  -passive-config-direct-apply
        allow passive config direct-apply when state direct-apply is enabled
  -passive-state-direct-apply
        allow passive state direct-apply when observe-first is enabled (default true)
  -phantom-initiator-reject-bytes string
        comma-separated hex bytes treated as phantom AND-collision artifacts (e.g. 0x71,0xFD); empty disables filtering. Default 0x71 covers the gateway=0x7F & initiator=0xF1 collision case observed on the live HA bus. Operators on different buses should set this explicitly. (default "0x71")
  -portal-modbus-raw-read-enabled
        enable Portal raw Modbus diagnostics
  -portal-path string
        dynamic portal path (default "/portal")
  -portal-pv-asset-ref string
        fixed SemReg PV asset reference for Portal PV
  -portal-pv-m2m-ca string
        M2M GraphQL CA file for Portal PV
  -portal-pv-m2m-client-cert string
        M2M GraphQL client certificate for Portal PV
  -portal-pv-m2m-client-key string
        M2M GraphQL client private key for Portal PV
  -portal-pv-m2m-server-name string
        dedicated M2M GraphQL certificate identity for Portal PV
  -portal-pv-m2m-url string
        dedicated M2M GraphQL URL for Portal PV
  -portal-pv-semantic-enabled
        enable Portal PV semantic BFF
  -portal-storage-asset-ref string
        fixed SemReg storage asset reference for Portal storage
  -portal-storage-m2m-ca string
        M2M GraphQL CA file for Portal storage
  -portal-storage-m2m-client-cert string
        M2M GraphQL client certificate for Portal storage
  -portal-storage-m2m-client-key string
        M2M GraphQL client private key for Portal storage
  -portal-storage-m2m-server-name string
        dedicated M2M GraphQL certificate identity for Portal storage
  -portal-storage-m2m-url string
        dedicated M2M GraphQL URL for Portal storage
  -portal-storage-semantic-enabled
        enable Portal storage semantic BFF
  -proxy-listen string
        TCP listen address for ENH proxy clients (e.g. :19001, empty disables)
  -queue-capacity int
        bus queue capacity (0 uses protocol default)
  -read-timeout duration
        transport read timeout (default 5s)
  -runtime-state-path string
        override /data/runtime_state.json path (empty uses runtimestate package default)
  -scan
        scan bus on startup (default true)
  -scan-interval duration
        startup scan retry interval (when scan finds 0 devices) (default 30s)
  -scan-request-timeout duration
        startup scan per-request timeout (default 400ms)
  -scan-timeout duration
        startup scan timeout (default 3m0s)
  -semantic-cache-path string
        semantic cache file path for startup preload and live persistence (default "./semantic_cache.json")
  -semantic-config-interval duration
        semantic config polling interval (default 5m0s)
  -semantic-dhw-stale-ttl duration
        maximum age to keep DHW last-known state during cache-sourced/transient failures (default 15m0s)
  -semantic-discovery-interval duration
        semantic discovery polling interval (default 10m0s)
  -semantic-energy-interval duration
        semantic energy polling interval (default 5m0s)
  -semantic-interval value
        DEPRECATED: semantic state polling interval
  -semantic-prometheus-evse-enabled
        append detached EVSE SemReg metrics when an EVSE semantic runtime is configured
  -semantic-read-breaker-failure-budget value
        semantic read breaker consecutive failure budget (<=0 disables)
  -semantic-read-breaker-half-open-probe-limit int
        semantic read breaker half-open probes per cooldown window (default 1)
  -semantic-read-breaker-open-cooldown duration
        semantic read breaker open-state cooldown before probe (default 15s)
  -semantic-regulator-absence-grace duration
        grace window before WARN_NO_REGULATOR after regulator disappears (default 5m0s)
  -semantic-regulator-recheck-interval duration
        regulator capability re-evaluation interval (default 1m0s)
  -semantic-request-timeout duration
        semantic per-request timeout (default 2s)
  -semantic-state-interval duration
        semantic state polling interval (default 1m0s)
  -semantic-zone-presence-hit-threshold int
        consecutive discovery hits required before an absent zone is marked present (default 2)
  -semantic-zone-presence-miss-threshold int
        consecutive discovery misses required before a zone is marked absent (default 3)
  -snapshot-path string
        projection snapshot endpoint path (default "/snapshot")
  -source-addr value
        source address for scans/semantic reads (e.g. 0xf0, 0x00, or auto)
  -startup-probe-targets value
        comma-separated explicit startup directed-probe targets (e.g. 0x08,0x15)
  -startup-source-override value
        override source address for source-selection-capable direct transports (e.g. 0xf0)
  -startup-source-override-validate
        run source-address selector in advisory-only mode alongside startup-source-override
  -subscription-path string
        graphql subscriptions path (default "/graphql/subscriptions")
  -synchronized-evidence-one-shot-enabled
        enable the fixed owner-only synchronized evidence one-shot control
  -tesla-gen3-hsc-asset-id string
        stable Tesla WC3 semantic asset identity
  -tesla-gen3-hsc-clock-epoch string
        Tesla WC3 retained monotonic clock epoch
  -tesla-gen3-hsc-connector-id string
        Tesla WC3 connector semantic dimension identity
  -tesla-gen3-hsc-driver-generation uint
        Tesla WC3 retained driver generation
  -tesla-gen3-hsc-endpoint-id string
        public Tesla HSC endpoint identity
  -tesla-gen3-hsc-evse-id string
        Tesla WC3 EVSE semantic dimension identity
  -tesla-gen3-hsc-node value
        Tesla WC3 unicast Modbus node
  -tesla-gen3-hsc-profile string
        exact Tesla WC3 retained operation profile
  -tesla-gen3-hsc-retained-enabled
        enable the non-send Tesla Gen3 HSC completed-outcome owner
  -tesla-gen3-hsc-source-epoch string
        Tesla WC3 retained source epoch
  -tesla-gen3-hsc-source-id string
        stable Tesla WC3 native source identity
  -transport string
        transport protocol: enh, ens, udp-plain, tcp-plain, or ebusd-tcp (default "enh")
  -ui-path string
        portal ui path (default "/ui")
  -write-timeout duration
        transport write timeout (default 5s)
invalid value "65536" for flag -eebus-listen-port: invalid eebus-listen-port "65536"
Usage of gateway-test:
  -address string
        transport address (unix socket path or host:port) (default "/var/run/ebusd/ebusd.socket")
  -boot-live-timeout duration
        semantic startup timeout before entering degraded mode (default 2m0s)
  -broadcast
        enable broadcast listener (separate connection)
  -diagnostic-full-range-retry
        allow full-range retry on non-ebusd-tcp transports after a Vaillant root candidate is observed
  -dial-timeout duration
        transport dial timeout (default 5s)
  -dump-include-pii
        include identifiers in unknown device dumps
  -dump-output-dir string
        unknown device dump output dir (default "./dumps")
  -dump-upload-path string
        register dump upload endpoint path
  -dump-upload-url string
        unknown device dump upload url (internal)
  -eebus-certificate-path value
        eeBUS certificate file path
  -eebus-discovery-enabled
        enable eeBUS discovery
  -eebus-enabled
        record intent to activate the eeBUS runtime sidecar (M5A does not start it)
  -eebus-interfaces value
        comma-separated explicit eeBUS network interfaces
  -eebus-listen-port value
        eeBUS SHIP listen port (0 remains unconfigured)
  -eebus-pairing-window-mode value
        eeBUS pairing-window mode (M5A: closed only)
  -eebus-private-key-path value
        eeBUS private-key file path
  -eebus-remote-ski-allowlist value
        comma-separated remote eeBUS SKI allowlist
  -eebus-state-root value
        eeBUS runtime state root
  -eebus-subnets value
        comma-separated explicit eeBUS network prefixes
  -eebus-trust-store-path value
        eeBUS trust-store file path
  -enable-static-seed-table
        plant productids static seed entries (NETX3 0xF1 / 0xF6 / 0x04 / 0xFF, BASV2 0x15 / 0xEC) into registry at startup; default false
  -external-write-policy value
        externally observed write policy: invalidate_only, record_only, or record_and_invalidate
  -graphql-path string
        graphql endpoint path (default "/graphql")
  -growatt-bms-rs485-asset-id string
        explicit non-secret stable Growatt BMS semantic asset identity
  -growatt-bms-rs485-baud value
        Growatt BMS RS-485 baud
  -growatt-bms-rs485-driver-generation uint
        explicit Growatt BMS driver generation
  -growatt-bms-rs485-enabled
        enable the exact read-only Growatt BMS RS-485 V2.02 observer
  -growatt-bms-rs485-max-quiescence duration
        Growatt BMS RTU recovery quiescence bound
  -growatt-bms-rs485-max-response-delay duration
        Growatt BMS maximum RTU response delay
  -growatt-bms-rs485-parity string
        Growatt BMS RS-485 parity: none, even, or odd
  -growatt-bms-rs485-response-timeout duration
        Growatt BMS RTU response timeout
  -growatt-bms-rs485-serial-path string
        configured Growatt BMS RS-485 serial path
  -growatt-bms-rs485-source-epoch string
        explicit Growatt BMS source epoch
  -growatt-bms-rs485-source-id string
        explicit non-secret Growatt BMS source identity
  -growatt-bms-rs485-stop-bits value
        Growatt BMS RS-485 stop bits
  -growatt-bms-rs485-unit-id value
        Growatt BMS unicast Modbus unit ID
  -http-addr string
        http listen address (empty disables) (default ":8080")
  -instance-guid value
        stable gateway instance UUIDv4 (lowercase)
  -instance-guid-source string
        AD27 provenance tag for -instance-guid (runtime_state | legacy_migrated | generated | cli-override); empty defaults to cli-override with a deprecation log when -instance-guid is provided
  -m2m-graphql-allowed-assets value
        comma-separated opaque asset allowlist
  -m2m-graphql-client-ca string
        client CA file for the dedicated M2M GraphQL listener
  -m2m-graphql-denied-principals value
        comma-separated SHA-256 client certificate fingerprints
  -m2m-graphql-listen string
        dedicated M2M GraphQL TLS listen address
  -m2m-graphql-server-cert string
        server certificate file for the dedicated M2M GraphQL listener
  -m2m-graphql-server-key string
        server private-key file for the dedicated M2M GraphQL listener
  -m2m-graphql-server-name string
        dedicated M2M GraphQL server certificate identity
  -mcp-path string
        mcp endpoint path (default "/mcp")
  -mdns
        advertise graphql endpoint via mdns (default true)
  -mdns-instance string
        mdns instance name (default "helianthus")
  -modbus-tcp-dial-timeout duration
        Modbus TCP dial timeout
  -modbus-tcp-enabled
        enable the read-only Modbus TCP sidecar
  -modbus-tcp-endpoint string
        Modbus TCP endpoint URI (tcp://host:port)
  -modbus-tcp-endpoint-file string
        path to an owner-only file containing the Modbus TCP endpoint URI
  -network string
        transport network: unix, tcp, or udp (default "unix")
  -observe-first-enabled
        enable observe-first runtime behavior gates
  -passive-config-direct-apply
        allow passive config direct-apply when state direct-apply is enabled
  -passive-state-direct-apply
        allow passive state direct-apply when observe-first is enabled (default true)
  -phantom-initiator-reject-bytes string
        comma-separated hex bytes treated as phantom AND-collision artifacts (e.g. 0x71,0xFD); empty disables filtering. Default 0x71 covers the gateway=0x7F & initiator=0xF1 collision case observed on the live HA bus. Operators on different buses should set this explicitly. (default "0x71")
  -portal-modbus-raw-read-enabled
        enable Portal raw Modbus diagnostics
  -portal-path string
        dynamic portal path (default "/portal")
  -portal-pv-asset-ref string
        fixed SemReg PV asset reference for Portal PV
  -portal-pv-m2m-ca string
        M2M GraphQL CA file for Portal PV
  -portal-pv-m2m-client-cert string
        M2M GraphQL client certificate for Portal PV
  -portal-pv-m2m-client-key string
        M2M GraphQL client private key for Portal PV
  -portal-pv-m2m-server-name string
        dedicated M2M GraphQL certificate identity for Portal PV
  -portal-pv-m2m-url string
        dedicated M2M GraphQL URL for Portal PV
  -portal-pv-semantic-enabled
        enable Portal PV semantic BFF
  -portal-storage-asset-ref string
        fixed SemReg storage asset reference for Portal storage
  -portal-storage-m2m-ca string
        M2M GraphQL CA file for Portal storage
  -portal-storage-m2m-client-cert string
        M2M GraphQL client certificate for Portal storage
  -portal-storage-m2m-client-key string
        M2M GraphQL client private key for Portal storage
  -portal-storage-m2m-server-name string
        dedicated M2M GraphQL certificate identity for Portal storage
  -portal-storage-m2m-url string
        dedicated M2M GraphQL URL for Portal storage
  -portal-storage-semantic-enabled
        enable Portal storage semantic BFF
  -proxy-listen string
        TCP listen address for ENH proxy clients (e.g. :19001, empty disables)
  -queue-capacity int
        bus queue capacity (0 uses protocol default)
  -read-timeout duration
        transport read timeout (default 5s)
  -runtime-state-path string
        override /data/runtime_state.json path (empty uses runtimestate package default)
  -scan
        scan bus on startup (default true)
  -scan-interval duration
        startup scan retry interval (when scan finds 0 devices) (default 30s)
  -scan-request-timeout duration
        startup scan per-request timeout (default 400ms)
  -scan-timeout duration
        startup scan timeout (default 3m0s)
  -semantic-cache-path string
        semantic cache file path for startup preload and live persistence (default "./semantic_cache.json")
  -semantic-config-interval duration
        semantic config polling interval (default 5m0s)
  -semantic-dhw-stale-ttl duration
        maximum age to keep DHW last-known state during cache-sourced/transient failures (default 15m0s)
  -semantic-discovery-interval duration
        semantic discovery polling interval (default 10m0s)
  -semantic-energy-interval duration
        semantic energy polling interval (default 5m0s)
  -semantic-interval value
        DEPRECATED: semantic state polling interval
  -semantic-prometheus-evse-enabled
        append detached EVSE SemReg metrics when an EVSE semantic runtime is configured
  -semantic-read-breaker-failure-budget value
        semantic read breaker consecutive failure budget (<=0 disables)
  -semantic-read-breaker-half-open-probe-limit int
        semantic read breaker half-open probes per cooldown window (default 1)
  -semantic-read-breaker-open-cooldown duration
        semantic read breaker open-state cooldown before probe (default 15s)
  -semantic-regulator-absence-grace duration
        grace window before WARN_NO_REGULATOR after regulator disappears (default 5m0s)
  -semantic-regulator-recheck-interval duration
        regulator capability re-evaluation interval (default 1m0s)
  -semantic-request-timeout duration
        semantic per-request timeout (default 2s)
  -semantic-state-interval duration
        semantic state polling interval (default 1m0s)
  -semantic-zone-presence-hit-threshold int
        consecutive discovery hits required before an absent zone is marked present (default 2)
  -semantic-zone-presence-miss-threshold int
        consecutive discovery misses required before a zone is marked absent (default 3)
  -snapshot-path string
        projection snapshot endpoint path (default "/snapshot")
  -source-addr value
        source address for scans/semantic reads (e.g. 0xf0, 0x00, or auto)
  -startup-probe-targets value
        comma-separated explicit startup directed-probe targets (e.g. 0x08,0x15)
  -startup-source-override value
        override source address for source-selection-capable direct transports (e.g. 0xf0)
  -startup-source-override-validate
        run source-address selector in advisory-only mode alongside startup-source-override
  -subscription-path string
        graphql subscriptions path (default "/graphql/subscriptions")
  -synchronized-evidence-one-shot-enabled
        enable the fixed owner-only synchronized evidence one-shot control
  -tesla-gen3-hsc-asset-id string
        stable Tesla WC3 semantic asset identity
  -tesla-gen3-hsc-clock-epoch string
        Tesla WC3 retained monotonic clock epoch
  -tesla-gen3-hsc-connector-id string
        Tesla WC3 connector semantic dimension identity
  -tesla-gen3-hsc-driver-generation uint
        Tesla WC3 retained driver generation
  -tesla-gen3-hsc-endpoint-id string
        public Tesla HSC endpoint identity
  -tesla-gen3-hsc-evse-id string
        Tesla WC3 EVSE semantic dimension identity
  -tesla-gen3-hsc-node value
        Tesla WC3 unicast Modbus node
  -tesla-gen3-hsc-profile string
        exact Tesla WC3 retained operation profile
  -tesla-gen3-hsc-retained-enabled
        enable the non-send Tesla Gen3 HSC completed-outcome owner
  -tesla-gen3-hsc-source-epoch string
        Tesla WC3 retained source epoch
  -tesla-gen3-hsc-source-id string
        stable Tesla WC3 native source identity
  -transport string
        transport protocol: enh, ens, udp-plain, tcp-plain, or ebusd-tcp (default "enh")
  -ui-path string
        portal ui path (default "/ui")
  -write-timeout duration
        transport write timeout (default 5s)
invalid value "0x1268" for flag -eebus-listen-port: invalid eebus-listen-port "0x1268"
Usage of gateway-test:
  -address string
        transport address (unix socket path or host:port) (default "/var/run/ebusd/ebusd.socket")
  -boot-live-timeout duration
        semantic startup timeout before entering degraded mode (default 2m0s)
  -broadcast
        enable broadcast listener (separate connection)
  -diagnostic-full-range-retry
        allow full-range retry on non-ebusd-tcp transports after a Vaillant root candidate is observed
  -dial-timeout duration
        transport dial timeout (default 5s)
  -dump-include-pii
        include identifiers in unknown device dumps
  -dump-output-dir string
        unknown device dump output dir (default "./dumps")
  -dump-upload-path string
        register dump upload endpoint path
  -dump-upload-url string
        unknown device dump upload url (internal)
  -eebus-certificate-path value
        eeBUS certificate file path
  -eebus-discovery-enabled
        enable eeBUS discovery
  -eebus-enabled
        record intent to activate the eeBUS runtime sidecar (M5A does not start it)
  -eebus-interfaces value
        comma-separated explicit eeBUS network interfaces
  -eebus-listen-port value
        eeBUS SHIP listen port (0 remains unconfigured)
  -eebus-pairing-window-mode value
        eeBUS pairing-window mode (M5A: closed only)
  -eebus-private-key-path value
        eeBUS private-key file path
  -eebus-remote-ski-allowlist value
        comma-separated remote eeBUS SKI allowlist
  -eebus-state-root value
        eeBUS runtime state root
  -eebus-subnets value
        comma-separated explicit eeBUS network prefixes
  -eebus-trust-store-path value
        eeBUS trust-store file path
  -enable-static-seed-table
        plant productids static seed entries (NETX3 0xF1 / 0xF6 / 0x04 / 0xFF, BASV2 0x15 / 0xEC) into registry at startup; default false
  -external-write-policy value
        externally observed write policy: invalidate_only, record_only, or record_and_invalidate
  -graphql-path string
        graphql endpoint path (default "/graphql")
  -growatt-bms-rs485-asset-id string
        explicit non-secret stable Growatt BMS semantic asset identity
  -growatt-bms-rs485-baud value
        Growatt BMS RS-485 baud
  -growatt-bms-rs485-driver-generation uint
        explicit Growatt BMS driver generation
  -growatt-bms-rs485-enabled
        enable the exact read-only Growatt BMS RS-485 V2.02 observer
  -growatt-bms-rs485-max-quiescence duration
        Growatt BMS RTU recovery quiescence bound
  -growatt-bms-rs485-max-response-delay duration
        Growatt BMS maximum RTU response delay
  -growatt-bms-rs485-parity string
        Growatt BMS RS-485 parity: none, even, or odd
  -growatt-bms-rs485-response-timeout duration
        Growatt BMS RTU response timeout
  -growatt-bms-rs485-serial-path string
        configured Growatt BMS RS-485 serial path
  -growatt-bms-rs485-source-epoch string
        explicit Growatt BMS source epoch
  -growatt-bms-rs485-source-id string
        explicit non-secret Growatt BMS source identity
  -growatt-bms-rs485-stop-bits value
        Growatt BMS RS-485 stop bits
  -growatt-bms-rs485-unit-id value
        Growatt BMS unicast Modbus unit ID
  -http-addr string
        http listen address (empty disables) (default ":8080")
  -instance-guid value
        stable gateway instance UUIDv4 (lowercase)
  -instance-guid-source string
        AD27 provenance tag for -instance-guid (runtime_state | legacy_migrated | generated | cli-override); empty defaults to cli-override with a deprecation log when -instance-guid is provided
  -m2m-graphql-allowed-assets value
        comma-separated opaque asset allowlist
  -m2m-graphql-client-ca string
        client CA file for the dedicated M2M GraphQL listener
  -m2m-graphql-denied-principals value
        comma-separated SHA-256 client certificate fingerprints
  -m2m-graphql-listen string
        dedicated M2M GraphQL TLS listen address
  -m2m-graphql-server-cert string
        server certificate file for the dedicated M2M GraphQL listener
  -m2m-graphql-server-key string
        server private-key file for the dedicated M2M GraphQL listener
  -m2m-graphql-server-name string
        dedicated M2M GraphQL server certificate identity
  -mcp-path string
        mcp endpoint path (default "/mcp")
  -mdns
        advertise graphql endpoint via mdns (default true)
  -mdns-instance string
        mdns instance name (default "helianthus")
  -modbus-tcp-dial-timeout duration
        Modbus TCP dial timeout
  -modbus-tcp-enabled
        enable the read-only Modbus TCP sidecar
  -modbus-tcp-endpoint string
        Modbus TCP endpoint URI (tcp://host:port)
  -modbus-tcp-endpoint-file string
        path to an owner-only file containing the Modbus TCP endpoint URI
  -network string
        transport network: unix, tcp, or udp (default "unix")
  -observe-first-enabled
        enable observe-first runtime behavior gates
  -passive-config-direct-apply
        allow passive config direct-apply when state direct-apply is enabled
  -passive-state-direct-apply
        allow passive state direct-apply when observe-first is enabled (default true)
  -phantom-initiator-reject-bytes string
        comma-separated hex bytes treated as phantom AND-collision artifacts (e.g. 0x71,0xFD); empty disables filtering. Default 0x71 covers the gateway=0x7F & initiator=0xF1 collision case observed on the live HA bus. Operators on different buses should set this explicitly. (default "0x71")
  -portal-modbus-raw-read-enabled
        enable Portal raw Modbus diagnostics
  -portal-path string
        dynamic portal path (default "/portal")
  -portal-pv-asset-ref string
        fixed SemReg PV asset reference for Portal PV
  -portal-pv-m2m-ca string
        M2M GraphQL CA file for Portal PV
  -portal-pv-m2m-client-cert string
        M2M GraphQL client certificate for Portal PV
  -portal-pv-m2m-client-key string
        M2M GraphQL client private key for Portal PV
  -portal-pv-m2m-server-name string
        dedicated M2M GraphQL certificate identity for Portal PV
  -portal-pv-m2m-url string
        dedicated M2M GraphQL URL for Portal PV
  -portal-pv-semantic-enabled
        enable Portal PV semantic BFF
  -portal-storage-asset-ref string
        fixed SemReg storage asset reference for Portal storage
  -portal-storage-m2m-ca string
        M2M GraphQL CA file for Portal storage
  -portal-storage-m2m-client-cert string
        M2M GraphQL client certificate for Portal storage
  -portal-storage-m2m-client-key string
        M2M GraphQL client private key for Portal storage
  -portal-storage-m2m-server-name string
        dedicated M2M GraphQL certificate identity for Portal storage
  -portal-storage-m2m-url string
        dedicated M2M GraphQL URL for Portal storage
  -portal-storage-semantic-enabled
        enable Portal storage semantic BFF
  -proxy-listen string
        TCP listen address for ENH proxy clients (e.g. :19001, empty disables)
  -queue-capacity int
        bus queue capacity (0 uses protocol default)
  -read-timeout duration
        transport read timeout (default 5s)
  -runtime-state-path string
        override /data/runtime_state.json path (empty uses runtimestate package default)
  -scan
        scan bus on startup (default true)
  -scan-interval duration
        startup scan retry interval (when scan finds 0 devices) (default 30s)
  -scan-request-timeout duration
        startup scan per-request timeout (default 400ms)
  -scan-timeout duration
        startup scan timeout (default 3m0s)
  -semantic-cache-path string
        semantic cache file path for startup preload and live persistence (default "./semantic_cache.json")
  -semantic-config-interval duration
        semantic config polling interval (default 5m0s)
  -semantic-dhw-stale-ttl duration
        maximum age to keep DHW last-known state during cache-sourced/transient failures (default 15m0s)
  -semantic-discovery-interval duration
        semantic discovery polling interval (default 10m0s)
  -semantic-energy-interval duration
        semantic energy polling interval (default 5m0s)
  -semantic-interval value
        DEPRECATED: semantic state polling interval
  -semantic-prometheus-evse-enabled
        append detached EVSE SemReg metrics when an EVSE semantic runtime is configured
  -semantic-read-breaker-failure-budget value
        semantic read breaker consecutive failure budget (<=0 disables)
  -semantic-read-breaker-half-open-probe-limit int
        semantic read breaker half-open probes per cooldown window (default 1)
  -semantic-read-breaker-open-cooldown duration
        semantic read breaker open-state cooldown before probe (default 15s)
  -semantic-regulator-absence-grace duration
        grace window before WARN_NO_REGULATOR after regulator disappears (default 5m0s)
  -semantic-regulator-recheck-interval duration
        regulator capability re-evaluation interval (default 1m0s)
  -semantic-request-timeout duration
        semantic per-request timeout (default 2s)
  -semantic-state-interval duration
        semantic state polling interval (default 1m0s)
  -semantic-zone-presence-hit-threshold int
        consecutive discovery hits required before an absent zone is marked present (default 2)
  -semantic-zone-presence-miss-threshold int
        consecutive discovery misses required before a zone is marked absent (default 3)
  -snapshot-path string
        projection snapshot endpoint path (default "/snapshot")
  -source-addr value
        source address for scans/semantic reads (e.g. 0xf0, 0x00, or auto)
  -startup-probe-targets value
        comma-separated explicit startup directed-probe targets (e.g. 0x08,0x15)
  -startup-source-override value
        override source address for source-selection-capable direct transports (e.g. 0xf0)
  -startup-source-override-validate
        run source-address selector in advisory-only mode alongside startup-source-override
  -subscription-path string
        graphql subscriptions path (default "/graphql/subscriptions")
  -synchronized-evidence-one-shot-enabled
        enable the fixed owner-only synchronized evidence one-shot control
  -tesla-gen3-hsc-asset-id string
        stable Tesla WC3 semantic asset identity
  -tesla-gen3-hsc-clock-epoch string
        Tesla WC3 retained monotonic clock epoch
  -tesla-gen3-hsc-connector-id string
        Tesla WC3 connector semantic dimension identity
  -tesla-gen3-hsc-driver-generation uint
        Tesla WC3 retained driver generation
  -tesla-gen3-hsc-endpoint-id string
        public Tesla HSC endpoint identity
  -tesla-gen3-hsc-evse-id string
        Tesla WC3 EVSE semantic dimension identity
  -tesla-gen3-hsc-node value
        Tesla WC3 unicast Modbus node
  -tesla-gen3-hsc-profile string
        exact Tesla WC3 retained operation profile
  -tesla-gen3-hsc-retained-enabled
        enable the non-send Tesla Gen3 HSC completed-outcome owner
  -tesla-gen3-hsc-source-epoch string
        Tesla WC3 retained source epoch
  -tesla-gen3-hsc-source-id string
        stable Tesla WC3 native source identity
  -transport string
        transport protocol: enh, ens, udp-plain, tcp-plain, or ebusd-tcp (default "enh")
  -ui-path string
        portal ui path (default "/ui")
  -write-timeout duration
        transport write timeout (default 5s)
invalid value "not-a-prefix" for flag -eebus-subnets: invalid eebus-subnets prefix "not-a-prefix"
Usage of gateway-test:
  -address string
        transport address (unix socket path or host:port) (default "/var/run/ebusd/ebusd.socket")
  -boot-live-timeout duration
        semantic startup timeout before entering degraded mode (default 2m0s)
  -broadcast
        enable broadcast listener (separate connection)
  -diagnostic-full-range-retry
        allow full-range retry on non-ebusd-tcp transports after a Vaillant root candidate is observed
  -dial-timeout duration
        transport dial timeout (default 5s)
  -dump-include-pii
        include identifiers in unknown device dumps
  -dump-output-dir string
        unknown device dump output dir (default "./dumps")
  -dump-upload-path string
        register dump upload endpoint path
  -dump-upload-url string
        unknown device dump upload url (internal)
  -eebus-certificate-path value
        eeBUS certificate file path
  -eebus-discovery-enabled
        enable eeBUS discovery
  -eebus-enabled
        record intent to activate the eeBUS runtime sidecar (M5A does not start it)
  -eebus-interfaces value
        comma-separated explicit eeBUS network interfaces
  -eebus-listen-port value
        eeBUS SHIP listen port (0 remains unconfigured)
  -eebus-pairing-window-mode value
        eeBUS pairing-window mode (M5A: closed only)
  -eebus-private-key-path value
        eeBUS private-key file path
  -eebus-remote-ski-allowlist value
        comma-separated remote eeBUS SKI allowlist
  -eebus-state-root value
        eeBUS runtime state root
  -eebus-subnets value
        comma-separated explicit eeBUS network prefixes
  -eebus-trust-store-path value
        eeBUS trust-store file path
  -enable-static-seed-table
        plant productids static seed entries (NETX3 0xF1 / 0xF6 / 0x04 / 0xFF, BASV2 0x15 / 0xEC) into registry at startup; default false
  -external-write-policy value
        externally observed write policy: invalidate_only, record_only, or record_and_invalidate
  -graphql-path string
        graphql endpoint path (default "/graphql")
  -growatt-bms-rs485-asset-id string
        explicit non-secret stable Growatt BMS semantic asset identity
  -growatt-bms-rs485-baud value
        Growatt BMS RS-485 baud
  -growatt-bms-rs485-driver-generation uint
        explicit Growatt BMS driver generation
  -growatt-bms-rs485-enabled
        enable the exact read-only Growatt BMS RS-485 V2.02 observer
  -growatt-bms-rs485-max-quiescence duration
        Growatt BMS RTU recovery quiescence bound
  -growatt-bms-rs485-max-response-delay duration
        Growatt BMS maximum RTU response delay
  -growatt-bms-rs485-parity string
        Growatt BMS RS-485 parity: none, even, or odd
  -growatt-bms-rs485-response-timeout duration
        Growatt BMS RTU response timeout
  -growatt-bms-rs485-serial-path string
        configured Growatt BMS RS-485 serial path
  -growatt-bms-rs485-source-epoch string
        explicit Growatt BMS source epoch
  -growatt-bms-rs485-source-id string
        explicit non-secret Growatt BMS source identity
  -growatt-bms-rs485-stop-bits value
        Growatt BMS RS-485 stop bits
  -growatt-bms-rs485-unit-id value
        Growatt BMS unicast Modbus unit ID
  -http-addr string
        http listen address (empty disables) (default ":8080")
  -instance-guid value
        stable gateway instance UUIDv4 (lowercase)
  -instance-guid-source string
        AD27 provenance tag for -instance-guid (runtime_state | legacy_migrated | generated | cli-override); empty defaults to cli-override with a deprecation log when -instance-guid is provided
  -m2m-graphql-allowed-assets value
        comma-separated opaque asset allowlist
  -m2m-graphql-client-ca string
        client CA file for the dedicated M2M GraphQL listener
  -m2m-graphql-denied-principals value
        comma-separated SHA-256 client certificate fingerprints
  -m2m-graphql-listen string
        dedicated M2M GraphQL TLS listen address
  -m2m-graphql-server-cert string
        server certificate file for the dedicated M2M GraphQL listener
  -m2m-graphql-server-key string
        server private-key file for the dedicated M2M GraphQL listener
  -m2m-graphql-server-name string
        dedicated M2M GraphQL server certificate identity
  -mcp-path string
        mcp endpoint path (default "/mcp")
  -mdns
        advertise graphql endpoint via mdns (default true)
  -mdns-instance string
        mdns instance name (default "helianthus")
  -modbus-tcp-dial-timeout duration
        Modbus TCP dial timeout
  -modbus-tcp-enabled
        enable the read-only Modbus TCP sidecar
  -modbus-tcp-endpoint string
        Modbus TCP endpoint URI (tcp://host:port)
  -modbus-tcp-endpoint-file string
        path to an owner-only file containing the Modbus TCP endpoint URI
  -network string
        transport network: unix, tcp, or udp (default "unix")
  -observe-first-enabled
        enable observe-first runtime behavior gates
  -passive-config-direct-apply
        allow passive config direct-apply when state direct-apply is enabled
  -passive-state-direct-apply
        allow passive state direct-apply when observe-first is enabled (default true)
  -phantom-initiator-reject-bytes string
        comma-separated hex bytes treated as phantom AND-collision artifacts (e.g. 0x71,0xFD); empty disables filtering. Default 0x71 covers the gateway=0x7F & initiator=0xF1 collision case observed on the live HA bus. Operators on different buses should set this explicitly. (default "0x71")
  -portal-modbus-raw-read-enabled
        enable Portal raw Modbus diagnostics
  -portal-path string
        dynamic portal path (default "/portal")
  -portal-pv-asset-ref string
        fixed SemReg PV asset reference for Portal PV
  -portal-pv-m2m-ca string
        M2M GraphQL CA file for Portal PV
  -portal-pv-m2m-client-cert string
        M2M GraphQL client certificate for Portal PV
  -portal-pv-m2m-client-key string
        M2M GraphQL client private key for Portal PV
  -portal-pv-m2m-server-name string
        dedicated M2M GraphQL certificate identity for Portal PV
  -portal-pv-m2m-url string
        dedicated M2M GraphQL URL for Portal PV
  -portal-pv-semantic-enabled
        enable Portal PV semantic BFF
  -portal-storage-asset-ref string
        fixed SemReg storage asset reference for Portal storage
  -portal-storage-m2m-ca string
        M2M GraphQL CA file for Portal storage
  -portal-storage-m2m-client-cert string
        M2M GraphQL client certificate for Portal storage
  -portal-storage-m2m-client-key string
        M2M GraphQL client private key for Portal storage
  -portal-storage-m2m-server-name string
        dedicated M2M GraphQL certificate identity for Portal storage
  -portal-storage-m2m-url string
        dedicated M2M GraphQL URL for Portal storage
  -portal-storage-semantic-enabled
        enable Portal storage semantic BFF
  -proxy-listen string
        TCP listen address for ENH proxy clients (e.g. :19001, empty disables)
  -queue-capacity int
        bus queue capacity (0 uses protocol default)
  -read-timeout duration
        transport read timeout (default 5s)
  -runtime-state-path string
        override /data/runtime_state.json path (empty uses runtimestate package default)
  -scan
        scan bus on startup (default true)
  -scan-interval duration
        startup scan retry interval (when scan finds 0 devices) (default 30s)
  -scan-request-timeout duration
        startup scan per-request timeout (default 400ms)
  -scan-timeout duration
        startup scan timeout (default 3m0s)
  -semantic-cache-path string
        semantic cache file path for startup preload and live persistence (default "./semantic_cache.json")
  -semantic-config-interval duration
        semantic config polling interval (default 5m0s)
  -semantic-dhw-stale-ttl duration
        maximum age to keep DHW last-known state during cache-sourced/transient failures (default 15m0s)
  -semantic-discovery-interval duration
        semantic discovery polling interval (default 10m0s)
  -semantic-energy-interval duration
        semantic energy polling interval (default 5m0s)
  -semantic-interval value
        DEPRECATED: semantic state polling interval
  -semantic-prometheus-evse-enabled
        append detached EVSE SemReg metrics when an EVSE semantic runtime is configured
  -semantic-read-breaker-failure-budget value
        semantic read breaker consecutive failure budget (<=0 disables)
  -semantic-read-breaker-half-open-probe-limit int
        semantic read breaker half-open probes per cooldown window (default 1)
  -semantic-read-breaker-open-cooldown duration
        semantic read breaker open-state cooldown before probe (default 15s)
  -semantic-regulator-absence-grace duration
        grace window before WARN_NO_REGULATOR after regulator disappears (default 5m0s)
  -semantic-regulator-recheck-interval duration
        regulator capability re-evaluation interval (default 1m0s)
  -semantic-request-timeout duration
        semantic per-request timeout (default 2s)
  -semantic-state-interval duration
        semantic state polling interval (default 1m0s)
  -semantic-zone-presence-hit-threshold int
        consecutive discovery hits required before an absent zone is marked present (default 2)
  -semantic-zone-presence-miss-threshold int
        consecutive discovery misses required before a zone is marked absent (default 3)
  -snapshot-path string
        projection snapshot endpoint path (default "/snapshot")
  -source-addr value
        source address for scans/semantic reads (e.g. 0xf0, 0x00, or auto)
  -startup-probe-targets value
        comma-separated explicit startup directed-probe targets (e.g. 0x08,0x15)
  -startup-source-override value
        override source address for source-selection-capable direct transports (e.g. 0xf0)
  -startup-source-override-validate
        run source-address selector in advisory-only mode alongside startup-source-override
  -subscription-path string
        graphql subscriptions path (default "/graphql/subscriptions")
  -synchronized-evidence-one-shot-enabled
        enable the fixed owner-only synchronized evidence one-shot control
  -tesla-gen3-hsc-asset-id string
        stable Tesla WC3 semantic asset identity
  -tesla-gen3-hsc-clock-epoch string
        Tesla WC3 retained monotonic clock epoch
  -tesla-gen3-hsc-connector-id string
        Tesla WC3 connector semantic dimension identity
  -tesla-gen3-hsc-driver-generation uint
        Tesla WC3 retained driver generation
  -tesla-gen3-hsc-endpoint-id string
        public Tesla HSC endpoint identity
  -tesla-gen3-hsc-evse-id string
        Tesla WC3 EVSE semantic dimension identity
  -tesla-gen3-hsc-node value
        Tesla WC3 unicast Modbus node
  -tesla-gen3-hsc-profile string
        exact Tesla WC3 retained operation profile
  -tesla-gen3-hsc-retained-enabled
        enable the non-send Tesla Gen3 HSC completed-outcome owner
  -tesla-gen3-hsc-source-epoch string
        Tesla WC3 retained source epoch
  -tesla-gen3-hsc-source-id string
        stable Tesla WC3 native source identity
  -transport string
        transport protocol: enh, ens, udp-plain, tcp-plain, or ebusd-tcp (default "enh")
  -ui-path string
        portal ui path (default "/ui")
  -write-timeout duration
        transport write timeout (default 5s)
invalid value "abcd" for flag -eebus-remote-ski-allowlist: invalid eebus-remote-ski-allowlist entry "abcd"
Usage of gateway-test:
  -address string
        transport address (unix socket path or host:port) (default "/var/run/ebusd/ebusd.socket")
  -boot-live-timeout duration
        semantic startup timeout before entering degraded mode (default 2m0s)
  -broadcast
        enable broadcast listener (separate connection)
  -diagnostic-full-range-retry
        allow full-range retry on non-ebusd-tcp transports after a Vaillant root candidate is observed
  -dial-timeout duration
        transport dial timeout (default 5s)
  -dump-include-pii
        include identifiers in unknown device dumps
  -dump-output-dir string
        unknown device dump output dir (default "./dumps")
  -dump-upload-path string
        register dump upload endpoint path
  -dump-upload-url string
        unknown device dump upload url (internal)
  -eebus-certificate-path value
        eeBUS certificate file path
  -eebus-discovery-enabled
        enable eeBUS discovery
  -eebus-enabled
        record intent to activate the eeBUS runtime sidecar (M5A does not start it)
  -eebus-interfaces value
        comma-separated explicit eeBUS network interfaces
  -eebus-listen-port value
        eeBUS SHIP listen port (0 remains unconfigured)
  -eebus-pairing-window-mode value
        eeBUS pairing-window mode (M5A: closed only)
  -eebus-private-key-path value
        eeBUS private-key file path
  -eebus-remote-ski-allowlist value
        comma-separated remote eeBUS SKI allowlist
  -eebus-state-root value
        eeBUS runtime state root
  -eebus-subnets value
        comma-separated explicit eeBUS network prefixes
  -eebus-trust-store-path value
        eeBUS trust-store file path
  -enable-static-seed-table
        plant productids static seed entries (NETX3 0xF1 / 0xF6 / 0x04 / 0xFF, BASV2 0x15 / 0xEC) into registry at startup; default false
  -external-write-policy value
        externally observed write policy: invalidate_only, record_only, or record_and_invalidate
  -graphql-path string
        graphql endpoint path (default "/graphql")
  -growatt-bms-rs485-asset-id string
        explicit non-secret stable Growatt BMS semantic asset identity
  -growatt-bms-rs485-baud value
        Growatt BMS RS-485 baud
  -growatt-bms-rs485-driver-generation uint
        explicit Growatt BMS driver generation
  -growatt-bms-rs485-enabled
        enable the exact read-only Growatt BMS RS-485 V2.02 observer
  -growatt-bms-rs485-max-quiescence duration
        Growatt BMS RTU recovery quiescence bound
  -growatt-bms-rs485-max-response-delay duration
        Growatt BMS maximum RTU response delay
  -growatt-bms-rs485-parity string
        Growatt BMS RS-485 parity: none, even, or odd
  -growatt-bms-rs485-response-timeout duration
        Growatt BMS RTU response timeout
  -growatt-bms-rs485-serial-path string
        configured Growatt BMS RS-485 serial path
  -growatt-bms-rs485-source-epoch string
        explicit Growatt BMS source epoch
  -growatt-bms-rs485-source-id string
        explicit non-secret Growatt BMS source identity
  -growatt-bms-rs485-stop-bits value
        Growatt BMS RS-485 stop bits
  -growatt-bms-rs485-unit-id value
        Growatt BMS unicast Modbus unit ID
  -http-addr string
        http listen address (empty disables) (default ":8080")
  -instance-guid value
        stable gateway instance UUIDv4 (lowercase)
  -instance-guid-source string
        AD27 provenance tag for -instance-guid (runtime_state | legacy_migrated | generated | cli-override); empty defaults to cli-override with a deprecation log when -instance-guid is provided
  -m2m-graphql-allowed-assets value
        comma-separated opaque asset allowlist
  -m2m-graphql-client-ca string
        client CA file for the dedicated M2M GraphQL listener
  -m2m-graphql-denied-principals value
        comma-separated SHA-256 client certificate fingerprints
  -m2m-graphql-listen string
        dedicated M2M GraphQL TLS listen address
  -m2m-graphql-server-cert string
        server certificate file for the dedicated M2M GraphQL listener
  -m2m-graphql-server-key string
        server private-key file for the dedicated M2M GraphQL listener
  -m2m-graphql-server-name string
        dedicated M2M GraphQL server certificate identity
  -mcp-path string
        mcp endpoint path (default "/mcp")
  -mdns
        advertise graphql endpoint via mdns (default true)
  -mdns-instance string
        mdns instance name (default "helianthus")
  -modbus-tcp-dial-timeout duration
        Modbus TCP dial timeout
  -modbus-tcp-enabled
        enable the read-only Modbus TCP sidecar
  -modbus-tcp-endpoint string
        Modbus TCP endpoint URI (tcp://host:port)
  -modbus-tcp-endpoint-file string
        path to an owner-only file containing the Modbus TCP endpoint URI
  -network string
        transport network: unix, tcp, or udp (default "unix")
  -observe-first-enabled
        enable observe-first runtime behavior gates
  -passive-config-direct-apply
        allow passive config direct-apply when state direct-apply is enabled
  -passive-state-direct-apply
        allow passive state direct-apply when observe-first is enabled (default true)
  -phantom-initiator-reject-bytes string
        comma-separated hex bytes treated as phantom AND-collision artifacts (e.g. 0x71,0xFD); empty disables filtering. Default 0x71 covers the gateway=0x7F & initiator=0xF1 collision case observed on the live HA bus. Operators on different buses should set this explicitly. (default "0x71")
  -portal-modbus-raw-read-enabled
        enable Portal raw Modbus diagnostics
  -portal-path string
        dynamic portal path (default "/portal")
  -portal-pv-asset-ref string
        fixed SemReg PV asset reference for Portal PV
  -portal-pv-m2m-ca string
        M2M GraphQL CA file for Portal PV
  -portal-pv-m2m-client-cert string
        M2M GraphQL client certificate for Portal PV
  -portal-pv-m2m-client-key string
        M2M GraphQL client private key for Portal PV
  -portal-pv-m2m-server-name string
        dedicated M2M GraphQL certificate identity for Portal PV
  -portal-pv-m2m-url string
        dedicated M2M GraphQL URL for Portal PV
  -portal-pv-semantic-enabled
        enable Portal PV semantic BFF
  -portal-storage-asset-ref string
        fixed SemReg storage asset reference for Portal storage
  -portal-storage-m2m-ca string
        M2M GraphQL CA file for Portal storage
  -portal-storage-m2m-client-cert string
        M2M GraphQL client certificate for Portal storage
  -portal-storage-m2m-client-key string
        M2M GraphQL client private key for Portal storage
  -portal-storage-m2m-server-name string
        dedicated M2M GraphQL certificate identity for Portal storage
  -portal-storage-m2m-url string
        dedicated M2M GraphQL URL for Portal storage
  -portal-storage-semantic-enabled
        enable Portal storage semantic BFF
  -proxy-listen string
        TCP listen address for ENH proxy clients (e.g. :19001, empty disables)
  -queue-capacity int
        bus queue capacity (0 uses protocol default)
  -read-timeout duration
        transport read timeout (default 5s)
  -runtime-state-path string
        override /data/runtime_state.json path (empty uses runtimestate package default)
  -scan
        scan bus on startup (default true)
  -scan-interval duration
        startup scan retry interval (when scan finds 0 devices) (default 30s)
  -scan-request-timeout duration
        startup scan per-request timeout (default 400ms)
  -scan-timeout duration
        startup scan timeout (default 3m0s)
  -semantic-cache-path string
        semantic cache file path for startup preload and live persistence (default "./semantic_cache.json")
  -semantic-config-interval duration
        semantic config polling interval (default 5m0s)
  -semantic-dhw-stale-ttl duration
        maximum age to keep DHW last-known state during cache-sourced/transient failures (default 15m0s)
  -semantic-discovery-interval duration
        semantic discovery polling interval (default 10m0s)
  -semantic-energy-interval duration
        semantic energy polling interval (default 5m0s)
  -semantic-interval value
        DEPRECATED: semantic state polling interval
  -semantic-prometheus-evse-enabled
        append detached EVSE SemReg metrics when an EVSE semantic runtime is configured
  -semantic-read-breaker-failure-budget value
        semantic read breaker consecutive failure budget (<=0 disables)
  -semantic-read-breaker-half-open-probe-limit int
        semantic read breaker half-open probes per cooldown window (default 1)
  -semantic-read-breaker-open-cooldown duration
        semantic read breaker open-state cooldown before probe (default 15s)
  -semantic-regulator-absence-grace duration
        grace window before WARN_NO_REGULATOR after regulator disappears (default 5m0s)
  -semantic-regulator-recheck-interval duration
        regulator capability re-evaluation interval (default 1m0s)
  -semantic-request-timeout duration
        semantic per-request timeout (default 2s)
  -semantic-state-interval duration
        semantic state polling interval (default 1m0s)
  -semantic-zone-presence-hit-threshold int
        consecutive discovery hits required before an absent zone is marked present (default 2)
  -semantic-zone-presence-miss-threshold int
        consecutive discovery misses required before a zone is marked absent (default 3)
  -snapshot-path string
        projection snapshot endpoint path (default "/snapshot")
  -source-addr value
        source address for scans/semantic reads (e.g. 0xf0, 0x00, or auto)
  -startup-probe-targets value
        comma-separated explicit startup directed-probe targets (e.g. 0x08,0x15)
  -startup-source-override value
        override source address for source-selection-capable direct transports (e.g. 0xf0)
  -startup-source-override-validate
        run source-address selector in advisory-only mode alongside startup-source-override
  -subscription-path string
        graphql subscriptions path (default "/graphql/subscriptions")
  -synchronized-evidence-one-shot-enabled
        enable the fixed owner-only synchronized evidence one-shot control
  -tesla-gen3-hsc-asset-id string
        stable Tesla WC3 semantic asset identity
  -tesla-gen3-hsc-clock-epoch string
        Tesla WC3 retained monotonic clock epoch
  -tesla-gen3-hsc-connector-id string
        Tesla WC3 connector semantic dimension identity
  -tesla-gen3-hsc-driver-generation uint
        Tesla WC3 retained driver generation
  -tesla-gen3-hsc-endpoint-id string
        public Tesla HSC endpoint identity
  -tesla-gen3-hsc-evse-id string
        Tesla WC3 EVSE semantic dimension identity
  -tesla-gen3-hsc-node value
        Tesla WC3 unicast Modbus node
  -tesla-gen3-hsc-profile string
        exact Tesla WC3 retained operation profile
  -tesla-gen3-hsc-retained-enabled
        enable the non-send Tesla Gen3 HSC completed-outcome owner
  -tesla-gen3-hsc-source-epoch string
        Tesla WC3 retained source epoch
  -tesla-gen3-hsc-source-id string
        stable Tesla WC3 native source identity
  -transport string
        transport protocol: enh, ens, udp-plain, tcp-plain, or ebusd-tcp (default "enh")
  -ui-path string
        portal ui path (default "/ui")
  -write-timeout duration
        transport write timeout (default 5s)
invalid value "zzzzzzzzzzzzzzzzzzzzzzzzzzzzzzzzzzzzzzzz" for flag -eebus-remote-ski-allowlist: invalid eebus-remote-ski-allowlist entry "zzzzzzzzzzzzzzzzzzzzzzzzzzzzzzzzzzzzzzzz"
Usage of gateway-test:
  -address string
        transport address (unix socket path or host:port) (default "/var/run/ebusd/ebusd.socket")
  -boot-live-timeout duration
        semantic startup timeout before entering degraded mode (default 2m0s)
  -broadcast
        enable broadcast listener (separate connection)
  -diagnostic-full-range-retry
        allow full-range retry on non-ebusd-tcp transports after a Vaillant root candidate is observed
  -dial-timeout duration
        transport dial timeout (default 5s)
  -dump-include-pii
        include identifiers in unknown device dumps
  -dump-output-dir string
        unknown device dump output dir (default "./dumps")
  -dump-upload-path string
        register dump upload endpoint path
  -dump-upload-url string
        unknown device dump upload url (internal)
  -eebus-certificate-path value
        eeBUS certificate file path
  -eebus-discovery-enabled
        enable eeBUS discovery
  -eebus-enabled
        record intent to activate the eeBUS runtime sidecar (M5A does not start it)
  -eebus-interfaces value
        comma-separated explicit eeBUS network interfaces
  -eebus-listen-port value
        eeBUS SHIP listen port (0 remains unconfigured)
  -eebus-pairing-window-mode value
        eeBUS pairing-window mode (M5A: closed only)
  -eebus-private-key-path value
        eeBUS private-key file path
  -eebus-remote-ski-allowlist value
        comma-separated remote eeBUS SKI allowlist
  -eebus-state-root value
        eeBUS runtime state root
  -eebus-subnets value
        comma-separated explicit eeBUS network prefixes
  -eebus-trust-store-path value
        eeBUS trust-store file path
  -enable-static-seed-table
        plant productids static seed entries (NETX3 0xF1 / 0xF6 / 0x04 / 0xFF, BASV2 0x15 / 0xEC) into registry at startup; default false
  -external-write-policy value
        externally observed write policy: invalidate_only, record_only, or record_and_invalidate
  -graphql-path string
        graphql endpoint path (default "/graphql")
  -growatt-bms-rs485-asset-id string
        explicit non-secret stable Growatt BMS semantic asset identity
  -growatt-bms-rs485-baud value
        Growatt BMS RS-485 baud
  -growatt-bms-rs485-driver-generation uint
        explicit Growatt BMS driver generation
  -growatt-bms-rs485-enabled
        enable the exact read-only Growatt BMS RS-485 V2.02 observer
  -growatt-bms-rs485-max-quiescence duration
        Growatt BMS RTU recovery quiescence bound
  -growatt-bms-rs485-max-response-delay duration
        Growatt BMS maximum RTU response delay
  -growatt-bms-rs485-parity string
        Growatt BMS RS-485 parity: none, even, or odd
  -growatt-bms-rs485-response-timeout duration
        Growatt BMS RTU response timeout
  -growatt-bms-rs485-serial-path string
        configured Growatt BMS RS-485 serial path
  -growatt-bms-rs485-source-epoch string
        explicit Growatt BMS source epoch
  -growatt-bms-rs485-source-id string
        explicit non-secret Growatt BMS source identity
  -growatt-bms-rs485-stop-bits value
        Growatt BMS RS-485 stop bits
  -growatt-bms-rs485-unit-id value
        Growatt BMS unicast Modbus unit ID
  -http-addr string
        http listen address (empty disables) (default ":8080")
  -instance-guid value
        stable gateway instance UUIDv4 (lowercase)
  -instance-guid-source string
        AD27 provenance tag for -instance-guid (runtime_state | legacy_migrated | generated | cli-override); empty defaults to cli-override with a deprecation log when -instance-guid is provided
  -m2m-graphql-allowed-assets value
        comma-separated opaque asset allowlist
  -m2m-graphql-client-ca string
        client CA file for the dedicated M2M GraphQL listener
  -m2m-graphql-denied-principals value
        comma-separated SHA-256 client certificate fingerprints
  -m2m-graphql-listen string
        dedicated M2M GraphQL TLS listen address
  -m2m-graphql-server-cert string
        server certificate file for the dedicated M2M GraphQL listener
  -m2m-graphql-server-key string
        server private-key file for the dedicated M2M GraphQL listener
  -m2m-graphql-server-name string
        dedicated M2M GraphQL server certificate identity
  -mcp-path string
        mcp endpoint path (default "/mcp")
  -mdns
        advertise graphql endpoint via mdns (default true)
  -mdns-instance string
        mdns instance name (default "helianthus")
  -modbus-tcp-dial-timeout duration
        Modbus TCP dial timeout
  -modbus-tcp-enabled
        enable the read-only Modbus TCP sidecar
  -modbus-tcp-endpoint string
        Modbus TCP endpoint URI (tcp://host:port)
  -modbus-tcp-endpoint-file string
        path to an owner-only file containing the Modbus TCP endpoint URI
  -network string
        transport network: unix, tcp, or udp (default "unix")
  -observe-first-enabled
        enable observe-first runtime behavior gates
  -passive-config-direct-apply
        allow passive config direct-apply when state direct-apply is enabled
  -passive-state-direct-apply
        allow passive state direct-apply when observe-first is enabled (default true)
  -phantom-initiator-reject-bytes string
        comma-separated hex bytes treated as phantom AND-collision artifacts (e.g. 0x71,0xFD); empty disables filtering. Default 0x71 covers the gateway=0x7F & initiator=0xF1 collision case observed on the live HA bus. Operators on different buses should set this explicitly. (default "0x71")
  -portal-modbus-raw-read-enabled
        enable Portal raw Modbus diagnostics
  -portal-path string
        dynamic portal path (default "/portal")
  -portal-pv-asset-ref string
        fixed SemReg PV asset reference for Portal PV
  -portal-pv-m2m-ca string
        M2M GraphQL CA file for Portal PV
  -portal-pv-m2m-client-cert string
        M2M GraphQL client certificate for Portal PV
  -portal-pv-m2m-client-key string
        M2M GraphQL client private key for Portal PV
  -portal-pv-m2m-server-name string
        dedicated M2M GraphQL certificate identity for Portal PV
  -portal-pv-m2m-url string
        dedicated M2M GraphQL URL for Portal PV
  -portal-pv-semantic-enabled
        enable Portal PV semantic BFF
  -portal-storage-asset-ref string
        fixed SemReg storage asset reference for Portal storage
  -portal-storage-m2m-ca string
        M2M GraphQL CA file for Portal storage
  -portal-storage-m2m-client-cert string
        M2M GraphQL client certificate for Portal storage
  -portal-storage-m2m-client-key string
        M2M GraphQL client private key for Portal storage
  -portal-storage-m2m-server-name string
        dedicated M2M GraphQL certificate identity for Portal storage
  -portal-storage-m2m-url string
        dedicated M2M GraphQL URL for Portal storage
  -portal-storage-semantic-enabled
        enable Portal storage semantic BFF
  -proxy-listen string
        TCP listen address for ENH proxy clients (e.g. :19001, empty disables)
  -queue-capacity int
        bus queue capacity (0 uses protocol default)
  -read-timeout duration
        transport read timeout (default 5s)
  -runtime-state-path string
        override /data/runtime_state.json path (empty uses runtimestate package default)
  -scan
        scan bus on startup (default true)
  -scan-interval duration
        startup scan retry interval (when scan finds 0 devices) (default 30s)
  -scan-request-timeout duration
        startup scan per-request timeout (default 400ms)
  -scan-timeout duration
        startup scan timeout (default 3m0s)
  -semantic-cache-path string
        semantic cache file path for startup preload and live persistence (default "./semantic_cache.json")
  -semantic-config-interval duration
        semantic config polling interval (default 5m0s)
  -semantic-dhw-stale-ttl duration
        maximum age to keep DHW last-known state during cache-sourced/transient failures (default 15m0s)
  -semantic-discovery-interval duration
        semantic discovery polling interval (default 10m0s)
  -semantic-energy-interval duration
        semantic energy polling interval (default 5m0s)
  -semantic-interval value
        DEPRECATED: semantic state polling interval
  -semantic-prometheus-evse-enabled
        append detached EVSE SemReg metrics when an EVSE semantic runtime is configured
  -semantic-read-breaker-failure-budget value
        semantic read breaker consecutive failure budget (<=0 disables)
  -semantic-read-breaker-half-open-probe-limit int
        semantic read breaker half-open probes per cooldown window (default 1)
  -semantic-read-breaker-open-cooldown duration
        semantic read breaker open-state cooldown before probe (default 15s)
  -semantic-regulator-absence-grace duration
        grace window before WARN_NO_REGULATOR after regulator disappears (default 5m0s)
  -semantic-regulator-recheck-interval duration
        regulator capability re-evaluation interval (default 1m0s)
  -semantic-request-timeout duration
        semantic per-request timeout (default 2s)
  -semantic-state-interval duration
        semantic state polling interval (default 1m0s)
  -semantic-zone-presence-hit-threshold int
        consecutive discovery hits required before an absent zone is marked present (default 2)
  -semantic-zone-presence-miss-threshold int
        consecutive discovery misses required before a zone is marked absent (default 3)
  -snapshot-path string
        projection snapshot endpoint path (default "/snapshot")
  -source-addr value
        source address for scans/semantic reads (e.g. 0xf0, 0x00, or auto)
  -startup-probe-targets value
        comma-separated explicit startup directed-probe targets (e.g. 0x08,0x15)
  -startup-source-override value
        override source address for source-selection-capable direct transports (e.g. 0xf0)
  -startup-source-override-validate
        run source-address selector in advisory-only mode alongside startup-source-override
  -subscription-path string
        graphql subscriptions path (default "/graphql/subscriptions")
  -synchronized-evidence-one-shot-enabled
        enable the fixed owner-only synchronized evidence one-shot control
  -tesla-gen3-hsc-asset-id string
        stable Tesla WC3 semantic asset identity
  -tesla-gen3-hsc-clock-epoch string
        Tesla WC3 retained monotonic clock epoch
  -tesla-gen3-hsc-connector-id string
        Tesla WC3 connector semantic dimension identity
  -tesla-gen3-hsc-driver-generation uint
        Tesla WC3 retained driver generation
  -tesla-gen3-hsc-endpoint-id string
        public Tesla HSC endpoint identity
  -tesla-gen3-hsc-evse-id string
        Tesla WC3 EVSE semantic dimension identity
  -tesla-gen3-hsc-node value
        Tesla WC3 unicast Modbus node
  -tesla-gen3-hsc-profile string
        exact Tesla WC3 retained operation profile
  -tesla-gen3-hsc-retained-enabled
        enable the non-send Tesla Gen3 HSC completed-outcome owner
  -tesla-gen3-hsc-source-epoch string
        Tesla WC3 retained source epoch
  -tesla-gen3-hsc-source-id string
        stable Tesla WC3 native source identity
  -transport string
        transport protocol: enh, ens, udp-plain, tcp-plain, or ebusd-tcp (default "enh")
  -ui-path string
        portal ui path (default "/ui")
  -write-timeout duration
        transport write timeout (default 5s)
invalid value "manual" for flag -eebus-pairing-window-mode: invalid eebus-pairing-window-mode "manual"
Usage of gateway-test:
  -address string
        transport address (unix socket path or host:port) (default "/var/run/ebusd/ebusd.socket")
  -boot-live-timeout duration
        semantic startup timeout before entering degraded mode (default 2m0s)
  -broadcast
        enable broadcast listener (separate connection)
  -diagnostic-full-range-retry
        allow full-range retry on non-ebusd-tcp transports after a Vaillant root candidate is observed
  -dial-timeout duration
        transport dial timeout (default 5s)
  -dump-include-pii
        include identifiers in unknown device dumps
  -dump-output-dir string
        unknown device dump output dir (default "./dumps")
  -dump-upload-path string
        register dump upload endpoint path
  -dump-upload-url string
        unknown device dump upload url (internal)
  -eebus-certificate-path value
        eeBUS certificate file path
  -eebus-discovery-enabled
        enable eeBUS discovery
  -eebus-enabled
        record intent to activate the eeBUS runtime sidecar (M5A does not start it)
  -eebus-interfaces value
        comma-separated explicit eeBUS network interfaces
  -eebus-listen-port value
        eeBUS SHIP listen port (0 remains unconfigured)
  -eebus-pairing-window-mode value
        eeBUS pairing-window mode (M5A: closed only)
  -eebus-private-key-path value
        eeBUS private-key file path
  -eebus-remote-ski-allowlist value
        comma-separated remote eeBUS SKI allowlist
  -eebus-state-root value
        eeBUS runtime state root
  -eebus-subnets value
        comma-separated explicit eeBUS network prefixes
  -eebus-trust-store-path value
        eeBUS trust-store file path
  -enable-static-seed-table
        plant productids static seed entries (NETX3 0xF1 / 0xF6 / 0x04 / 0xFF, BASV2 0x15 / 0xEC) into registry at startup; default false
  -external-write-policy value
        externally observed write policy: invalidate_only, record_only, or record_and_invalidate
  -graphql-path string
        graphql endpoint path (default "/graphql")
  -growatt-bms-rs485-asset-id string
        explicit non-secret stable Growatt BMS semantic asset identity
  -growatt-bms-rs485-baud value
        Growatt BMS RS-485 baud
  -growatt-bms-rs485-driver-generation uint
        explicit Growatt BMS driver generation
  -growatt-bms-rs485-enabled
        enable the exact read-only Growatt BMS RS-485 V2.02 observer
  -growatt-bms-rs485-max-quiescence duration
        Growatt BMS RTU recovery quiescence bound
  -growatt-bms-rs485-max-response-delay duration
        Growatt BMS maximum RTU response delay
  -growatt-bms-rs485-parity string
        Growatt BMS RS-485 parity: none, even, or odd
  -growatt-bms-rs485-response-timeout duration
        Growatt BMS RTU response timeout
  -growatt-bms-rs485-serial-path string
        configured Growatt BMS RS-485 serial path
  -growatt-bms-rs485-source-epoch string
        explicit Growatt BMS source epoch
  -growatt-bms-rs485-source-id string
        explicit non-secret Growatt BMS source identity
  -growatt-bms-rs485-stop-bits value
        Growatt BMS RS-485 stop bits
  -growatt-bms-rs485-unit-id value
        Growatt BMS unicast Modbus unit ID
  -http-addr string
        http listen address (empty disables) (default ":8080")
  -instance-guid value
        stable gateway instance UUIDv4 (lowercase)
  -instance-guid-source string
        AD27 provenance tag for -instance-guid (runtime_state | legacy_migrated | generated | cli-override); empty defaults to cli-override with a deprecation log when -instance-guid is provided
  -m2m-graphql-allowed-assets value
        comma-separated opaque asset allowlist
  -m2m-graphql-client-ca string
        client CA file for the dedicated M2M GraphQL listener
  -m2m-graphql-denied-principals value
        comma-separated SHA-256 client certificate fingerprints
  -m2m-graphql-listen string
        dedicated M2M GraphQL TLS listen address
  -m2m-graphql-server-cert string
        server certificate file for the dedicated M2M GraphQL listener
  -m2m-graphql-server-key string
        server private-key file for the dedicated M2M GraphQL listener
  -m2m-graphql-server-name string
        dedicated M2M GraphQL server certificate identity
  -mcp-path string
        mcp endpoint path (default "/mcp")
  -mdns
        advertise graphql endpoint via mdns (default true)
  -mdns-instance string
        mdns instance name (default "helianthus")
  -modbus-tcp-dial-timeout duration
        Modbus TCP dial timeout
  -modbus-tcp-enabled
        enable the read-only Modbus TCP sidecar
  -modbus-tcp-endpoint string
        Modbus TCP endpoint URI (tcp://host:port)
  -modbus-tcp-endpoint-file string
        path to an owner-only file containing the Modbus TCP endpoint URI
  -network string
        transport network: unix, tcp, or udp (default "unix")
  -observe-first-enabled
        enable observe-first runtime behavior gates
  -passive-config-direct-apply
        allow passive config direct-apply when state direct-apply is enabled
  -passive-state-direct-apply
        allow passive state direct-apply when observe-first is enabled (default true)
  -phantom-initiator-reject-bytes string
        comma-separated hex bytes treated as phantom AND-collision artifacts (e.g. 0x71,0xFD); empty disables filtering. Default 0x71 covers the gateway=0x7F & initiator=0xF1 collision case observed on the live HA bus. Operators on different buses should set this explicitly. (default "0x71")
  -portal-modbus-raw-read-enabled
        enable Portal raw Modbus diagnostics
  -portal-path string
        dynamic portal path (default "/portal")
  -portal-pv-asset-ref string
        fixed SemReg PV asset reference for Portal PV
  -portal-pv-m2m-ca string
        M2M GraphQL CA file for Portal PV
  -portal-pv-m2m-client-cert string
        M2M GraphQL client certificate for Portal PV
  -portal-pv-m2m-client-key string
        M2M GraphQL client private key for Portal PV
  -portal-pv-m2m-server-name string
        dedicated M2M GraphQL certificate identity for Portal PV
  -portal-pv-m2m-url string
        dedicated M2M GraphQL URL for Portal PV
  -portal-pv-semantic-enabled
        enable Portal PV semantic BFF
  -portal-storage-asset-ref string
        fixed SemReg storage asset reference for Portal storage
  -portal-storage-m2m-ca string
        M2M GraphQL CA file for Portal storage
  -portal-storage-m2m-client-cert string
        M2M GraphQL client certificate for Portal storage
  -portal-storage-m2m-client-key string
        M2M GraphQL client private key for Portal storage
  -portal-storage-m2m-server-name string
        dedicated M2M GraphQL certificate identity for Portal storage
  -portal-storage-m2m-url string
        dedicated M2M GraphQL URL for Portal storage
  -portal-storage-semantic-enabled
        enable Portal storage semantic BFF
  -proxy-listen string
        TCP listen address for ENH proxy clients (e.g. :19001, empty disables)
  -queue-capacity int
        bus queue capacity (0 uses protocol default)
  -read-timeout duration
        transport read timeout (default 5s)
  -runtime-state-path string
        override /data/runtime_state.json path (empty uses runtimestate package default)
  -scan
        scan bus on startup (default true)
  -scan-interval duration
        startup scan retry interval (when scan finds 0 devices) (default 30s)
  -scan-request-timeout duration
        startup scan per-request timeout (default 400ms)
  -scan-timeout duration
        startup scan timeout (default 3m0s)
  -semantic-cache-path string
        semantic cache file path for startup preload and live persistence (default "./semantic_cache.json")
  -semantic-config-interval duration
        semantic config polling interval (default 5m0s)
  -semantic-dhw-stale-ttl duration
        maximum age to keep DHW last-known state during cache-sourced/transient failures (default 15m0s)
  -semantic-discovery-interval duration
        semantic discovery polling interval (default 10m0s)
  -semantic-energy-interval duration
        semantic energy polling interval (default 5m0s)
  -semantic-interval value
        DEPRECATED: semantic state polling interval
  -semantic-prometheus-evse-enabled
        append detached EVSE SemReg metrics when an EVSE semantic runtime is configured
  -semantic-read-breaker-failure-budget value
        semantic read breaker consecutive failure budget (<=0 disables)
  -semantic-read-breaker-half-open-probe-limit int
        semantic read breaker half-open probes per cooldown window (default 1)
  -semantic-read-breaker-open-cooldown duration
        semantic read breaker open-state cooldown before probe (default 15s)
  -semantic-regulator-absence-grace duration
        grace window before WARN_NO_REGULATOR after regulator disappears (default 5m0s)
  -semantic-regulator-recheck-interval duration
        regulator capability re-evaluation interval (default 1m0s)
  -semantic-request-timeout duration
        semantic per-request timeout (default 2s)
  -semantic-state-interval duration
        semantic state polling interval (default 1m0s)
  -semantic-zone-presence-hit-threshold int
        consecutive discovery hits required before an absent zone is marked present (default 2)
  -semantic-zone-presence-miss-threshold int
        consecutive discovery misses required before a zone is marked absent (default 3)
  -snapshot-path string
        projection snapshot endpoint path (default "/snapshot")
  -source-addr value
        source address for scans/semantic reads (e.g. 0xf0, 0x00, or auto)
  -startup-probe-targets value
        comma-separated explicit startup directed-probe targets (e.g. 0x08,0x15)
  -startup-source-override value
        override source address for source-selection-capable direct transports (e.g. 0xf0)
  -startup-source-override-validate
        run source-address selector in advisory-only mode alongside startup-source-override
  -subscription-path string
        graphql subscriptions path (default "/graphql/subscriptions")
  -synchronized-evidence-one-shot-enabled
        enable the fixed owner-only synchronized evidence one-shot control
  -tesla-gen3-hsc-asset-id string
        stable Tesla WC3 semantic asset identity
  -tesla-gen3-hsc-clock-epoch string
        Tesla WC3 retained monotonic clock epoch
  -tesla-gen3-hsc-connector-id string
        Tesla WC3 connector semantic dimension identity
  -tesla-gen3-hsc-driver-generation uint
        Tesla WC3 retained driver generation
  -tesla-gen3-hsc-endpoint-id string
        public Tesla HSC endpoint identity
  -tesla-gen3-hsc-evse-id string
        Tesla WC3 EVSE semantic dimension identity
  -tesla-gen3-hsc-node value
        Tesla WC3 unicast Modbus node
  -tesla-gen3-hsc-profile string
        exact Tesla WC3 retained operation profile
  -tesla-gen3-hsc-retained-enabled
        enable the non-send Tesla Gen3 HSC completed-outcome owner
  -tesla-gen3-hsc-source-epoch string
        Tesla WC3 retained source epoch
  -tesla-gen3-hsc-source-id string
        stable Tesla WC3 native source identity
  -transport string
        transport protocol: enh, ens, udp-plain, tcp-plain, or ebusd-tcp (default "enh")
  -ui-path string
        portal ui path (default "/ui")
  -write-timeout duration
        transport write timeout (default 5s)
invalid value "state\x00root" for flag -eebus-state-root: invalid eebus-state-root: path contains NUL
Usage of gateway-test:
  -address string
        transport address (unix socket path or host:port) (default "/var/run/ebusd/ebusd.socket")
  -boot-live-timeout duration
        semantic startup timeout before entering degraded mode (default 2m0s)
  -broadcast
        enable broadcast listener (separate connection)
  -diagnostic-full-range-retry
        allow full-range retry on non-ebusd-tcp transports after a Vaillant root candidate is observed
  -dial-timeout duration
        transport dial timeout (default 5s)
  -dump-include-pii
        include identifiers in unknown device dumps
  -dump-output-dir string
        unknown device dump output dir (default "./dumps")
  -dump-upload-path string
        register dump upload endpoint path
  -dump-upload-url string
        unknown device dump upload url (internal)
  -eebus-certificate-path value
        eeBUS certificate file path
  -eebus-discovery-enabled
        enable eeBUS discovery
  -eebus-enabled
        record intent to activate the eeBUS runtime sidecar (M5A does not start it)
  -eebus-interfaces value
        comma-separated explicit eeBUS network interfaces
  -eebus-listen-port value
        eeBUS SHIP listen port (0 remains unconfigured)
  -eebus-pairing-window-mode value
        eeBUS pairing-window mode (M5A: closed only)
  -eebus-private-key-path value
        eeBUS private-key file path
  -eebus-remote-ski-allowlist value
        comma-separated remote eeBUS SKI allowlist
  -eebus-state-root value
        eeBUS runtime state root
  -eebus-subnets value
        comma-separated explicit eeBUS network prefixes
  -eebus-trust-store-path value
        eeBUS trust-store file path
  -enable-static-seed-table
        plant productids static seed entries (NETX3 0xF1 / 0xF6 / 0x04 / 0xFF, BASV2 0x15 / 0xEC) into registry at startup; default false
  -external-write-policy value
        externally observed write policy: invalidate_only, record_only, or record_and_invalidate
  -graphql-path string
        graphql endpoint path (default "/graphql")
  -growatt-bms-rs485-asset-id string
        explicit non-secret stable Growatt BMS semantic asset identity
  -growatt-bms-rs485-baud value
        Growatt BMS RS-485 baud
  -growatt-bms-rs485-driver-generation uint
        explicit Growatt BMS driver generation
  -growatt-bms-rs485-enabled
        enable the exact read-only Growatt BMS RS-485 V2.02 observer
  -growatt-bms-rs485-max-quiescence duration
        Growatt BMS RTU recovery quiescence bound
  -growatt-bms-rs485-max-response-delay duration
        Growatt BMS maximum RTU response delay
  -growatt-bms-rs485-parity string
        Growatt BMS RS-485 parity: none, even, or odd
  -growatt-bms-rs485-response-timeout duration
        Growatt BMS RTU response timeout
  -growatt-bms-rs485-serial-path string
        configured Growatt BMS RS-485 serial path
  -growatt-bms-rs485-source-epoch string
        explicit Growatt BMS source epoch
  -growatt-bms-rs485-source-id string
        explicit non-secret Growatt BMS source identity
  -growatt-bms-rs485-stop-bits value
        Growatt BMS RS-485 stop bits
  -growatt-bms-rs485-unit-id value
        Growatt BMS unicast Modbus unit ID
  -http-addr string
        http listen address (empty disables) (default ":8080")
  -instance-guid value
        stable gateway instance UUIDv4 (lowercase)
  -instance-guid-source string
        AD27 provenance tag for -instance-guid (runtime_state | legacy_migrated | generated | cli-override); empty defaults to cli-override with a deprecation log when -instance-guid is provided
  -m2m-graphql-allowed-assets value
        comma-separated opaque asset allowlist
  -m2m-graphql-client-ca string
        client CA file for the dedicated M2M GraphQL listener
  -m2m-graphql-denied-principals value
        comma-separated SHA-256 client certificate fingerprints
  -m2m-graphql-listen string
        dedicated M2M GraphQL TLS listen address
  -m2m-graphql-server-cert string
        server certificate file for the dedicated M2M GraphQL listener
  -m2m-graphql-server-key string
        server private-key file for the dedicated M2M GraphQL listener
  -m2m-graphql-server-name string
        dedicated M2M GraphQL server certificate identity
  -mcp-path string
        mcp endpoint path (default "/mcp")
  -mdns
        advertise graphql endpoint via mdns (default true)
  -mdns-instance string
        mdns instance name (default "helianthus")
  -modbus-tcp-dial-timeout duration
        Modbus TCP dial timeout
  -modbus-tcp-enabled
        enable the read-only Modbus TCP sidecar
  -modbus-tcp-endpoint string
        Modbus TCP endpoint URI (tcp://host:port)
  -modbus-tcp-endpoint-file string
        path to an owner-only file containing the Modbus TCP endpoint URI
  -network string
        transport network: unix, tcp, or udp (default "unix")
  -observe-first-enabled
        enable observe-first runtime behavior gates
  -passive-config-direct-apply
        allow passive config direct-apply when state direct-apply is enabled
  -passive-state-direct-apply
        allow passive state direct-apply when observe-first is enabled (default true)
  -phantom-initiator-reject-bytes string
        comma-separated hex bytes treated as phantom AND-collision artifacts (e.g. 0x71,0xFD); empty disables filtering. Default 0x71 covers the gateway=0x7F & initiator=0xF1 collision case observed on the live HA bus. Operators on different buses should set this explicitly. (default "0x71")
  -portal-modbus-raw-read-enabled
        enable Portal raw Modbus diagnostics
  -portal-path string
        dynamic portal path (default "/portal")
  -portal-pv-asset-ref string
        fixed SemReg PV asset reference for Portal PV
  -portal-pv-m2m-ca string
        M2M GraphQL CA file for Portal PV
  -portal-pv-m2m-client-cert string
        M2M GraphQL client certificate for Portal PV
  -portal-pv-m2m-client-key string
        M2M GraphQL client private key for Portal PV
  -portal-pv-m2m-server-name string
        dedicated M2M GraphQL certificate identity for Portal PV
  -portal-pv-m2m-url string
        dedicated M2M GraphQL URL for Portal PV
  -portal-pv-semantic-enabled
        enable Portal PV semantic BFF
  -portal-storage-asset-ref string
        fixed SemReg storage asset reference for Portal storage
  -portal-storage-m2m-ca string
        M2M GraphQL CA file for Portal storage
  -portal-storage-m2m-client-cert string
        M2M GraphQL client certificate for Portal storage
  -portal-storage-m2m-client-key string
        M2M GraphQL client private key for Portal storage
  -portal-storage-m2m-server-name string
        dedicated M2M GraphQL certificate identity for Portal storage
  -portal-storage-m2m-url string
        dedicated M2M GraphQL URL for Portal storage
  -portal-storage-semantic-enabled
        enable Portal storage semantic BFF
  -proxy-listen string
        TCP listen address for ENH proxy clients (e.g. :19001, empty disables)
  -queue-capacity int
        bus queue capacity (0 uses protocol default)
  -read-timeout duration
        transport read timeout (default 5s)
  -runtime-state-path string
        override /data/runtime_state.json path (empty uses runtimestate package default)
  -scan
        scan bus on startup (default true)
  -scan-interval duration
        startup scan retry interval (when scan finds 0 devices) (default 30s)
  -scan-request-timeout duration
        startup scan per-request timeout (default 400ms)
  -scan-timeout duration
        startup scan timeout (default 3m0s)
  -semantic-cache-path string
        semantic cache file path for startup preload and live persistence (default "./semantic_cache.json")
  -semantic-config-interval duration
        semantic config polling interval (default 5m0s)
  -semantic-dhw-stale-ttl duration
        maximum age to keep DHW last-known state during cache-sourced/transient failures (default 15m0s)
  -semantic-discovery-interval duration
        semantic discovery polling interval (default 10m0s)
  -semantic-energy-interval duration
        semantic energy polling interval (default 5m0s)
  -semantic-interval value
        DEPRECATED: semantic state polling interval
  -semantic-prometheus-evse-enabled
        append detached EVSE SemReg metrics when an EVSE semantic runtime is configured
  -semantic-read-breaker-failure-budget value
        semantic read breaker consecutive failure budget (<=0 disables)
  -semantic-read-breaker-half-open-probe-limit int
        semantic read breaker half-open probes per cooldown window (default 1)
  -semantic-read-breaker-open-cooldown duration
        semantic read breaker open-state cooldown before probe (default 15s)
  -semantic-regulator-absence-grace duration
        grace window before WARN_NO_REGULATOR after regulator disappears (default 5m0s)
  -semantic-regulator-recheck-interval duration
        regulator capability re-evaluation interval (default 1m0s)
  -semantic-request-timeout duration
        semantic per-request timeout (default 2s)
  -semantic-state-interval duration
        semantic state polling interval (default 1m0s)
  -semantic-zone-presence-hit-threshold int
        consecutive discovery hits required before an absent zone is marked present (default 2)
  -semantic-zone-presence-miss-threshold int
        consecutive discovery misses required before a zone is marked absent (default 3)
  -snapshot-path string
        projection snapshot endpoint path (default "/snapshot")
  -source-addr value
        source address for scans/semantic reads (e.g. 0xf0, 0x00, or auto)
  -startup-probe-targets value
        comma-separated explicit startup directed-probe targets (e.g. 0x08,0x15)
  -startup-source-override value
        override source address for source-selection-capable direct transports (e.g. 0xf0)
  -startup-source-override-validate
        run source-address selector in advisory-only mode alongside startup-source-override
  -subscription-path string
        graphql subscriptions path (default "/graphql/subscriptions")
  -synchronized-evidence-one-shot-enabled
        enable the fixed owner-only synchronized evidence one-shot control
  -tesla-gen3-hsc-asset-id string
        stable Tesla WC3 semantic asset identity
  -tesla-gen3-hsc-clock-epoch string
        Tesla WC3 retained monotonic clock epoch
  -tesla-gen3-hsc-connector-id string
        Tesla WC3 connector semantic dimension identity
  -tesla-gen3-hsc-driver-generation uint
        Tesla WC3 retained driver generation
  -tesla-gen3-hsc-endpoint-id string
        public Tesla HSC endpoint identity
  -tesla-gen3-hsc-evse-id string
        Tesla WC3 EVSE semantic dimension identity
  -tesla-gen3-hsc-node value
        Tesla WC3 unicast Modbus node
  -tesla-gen3-hsc-profile string
        exact Tesla WC3 retained operation profile
  -tesla-gen3-hsc-retained-enabled
        enable the non-send Tesla Gen3 HSC completed-outcome owner
  -tesla-gen3-hsc-source-epoch string
        Tesla WC3 retained source epoch
  -tesla-gen3-hsc-source-id string
        stable Tesla WC3 native source identity
  -transport string
        transport protocol: enh, ens, udp-plain, tcp-plain, or ebusd-tcp (default "enh")
  -ui-path string
        portal ui path (default "/ui")
  -write-timeout duration
        transport write timeout (default 5s)
invalid value "cert\x00.pem" for flag -eebus-certificate-path: invalid eebus-certificate-path: path contains NUL
Usage of gateway-test:
  -address string
        transport address (unix socket path or host:port) (default "/var/run/ebusd/ebusd.socket")
  -boot-live-timeout duration
        semantic startup timeout before entering degraded mode (default 2m0s)
  -broadcast
        enable broadcast listener (separate connection)
  -diagnostic-full-range-retry
        allow full-range retry on non-ebusd-tcp transports after a Vaillant root candidate is observed
  -dial-timeout duration
        transport dial timeout (default 5s)
  -dump-include-pii
        include identifiers in unknown device dumps
  -dump-output-dir string
        unknown device dump output dir (default "./dumps")
  -dump-upload-path string
        register dump upload endpoint path
  -dump-upload-url string
        unknown device dump upload url (internal)
  -eebus-certificate-path value
        eeBUS certificate file path
  -eebus-discovery-enabled
        enable eeBUS discovery
  -eebus-enabled
        record intent to activate the eeBUS runtime sidecar (M5A does not start it)
  -eebus-interfaces value
        comma-separated explicit eeBUS network interfaces
  -eebus-listen-port value
        eeBUS SHIP listen port (0 remains unconfigured)
  -eebus-pairing-window-mode value
        eeBUS pairing-window mode (M5A: closed only)
  -eebus-private-key-path value
        eeBUS private-key file path
  -eebus-remote-ski-allowlist value
        comma-separated remote eeBUS SKI allowlist
  -eebus-state-root value
        eeBUS runtime state root
  -eebus-subnets value
        comma-separated explicit eeBUS network prefixes
  -eebus-trust-store-path value
        eeBUS trust-store file path
  -enable-static-seed-table
        plant productids static seed entries (NETX3 0xF1 / 0xF6 / 0x04 / 0xFF, BASV2 0x15 / 0xEC) into registry at startup; default false
  -external-write-policy value
        externally observed write policy: invalidate_only, record_only, or record_and_invalidate
  -graphql-path string
        graphql endpoint path (default "/graphql")
  -growatt-bms-rs485-asset-id string
        explicit non-secret stable Growatt BMS semantic asset identity
  -growatt-bms-rs485-baud value
        Growatt BMS RS-485 baud
  -growatt-bms-rs485-driver-generation uint
        explicit Growatt BMS driver generation
  -growatt-bms-rs485-enabled
        enable the exact read-only Growatt BMS RS-485 V2.02 observer
  -growatt-bms-rs485-max-quiescence duration
        Growatt BMS RTU recovery quiescence bound
  -growatt-bms-rs485-max-response-delay duration
        Growatt BMS maximum RTU response delay
  -growatt-bms-rs485-parity string
        Growatt BMS RS-485 parity: none, even, or odd
  -growatt-bms-rs485-response-timeout duration
        Growatt BMS RTU response timeout
  -growatt-bms-rs485-serial-path string
        configured Growatt BMS RS-485 serial path
  -growatt-bms-rs485-source-epoch string
        explicit Growatt BMS source epoch
  -growatt-bms-rs485-source-id string
        explicit non-secret Growatt BMS source identity
  -growatt-bms-rs485-stop-bits value
        Growatt BMS RS-485 stop bits
  -growatt-bms-rs485-unit-id value
        Growatt BMS unicast Modbus unit ID
  -http-addr string
        http listen address (empty disables) (default ":8080")
  -instance-guid value
        stable gateway instance UUIDv4 (lowercase)
  -instance-guid-source string
        AD27 provenance tag for -instance-guid (runtime_state | legacy_migrated | generated | cli-override); empty defaults to cli-override with a deprecation log when -instance-guid is provided
  -m2m-graphql-allowed-assets value
        comma-separated opaque asset allowlist
  -m2m-graphql-client-ca string
        client CA file for the dedicated M2M GraphQL listener
  -m2m-graphql-denied-principals value
        comma-separated SHA-256 client certificate fingerprints
  -m2m-graphql-listen string
        dedicated M2M GraphQL TLS listen address
  -m2m-graphql-server-cert string
        server certificate file for the dedicated M2M GraphQL listener
  -m2m-graphql-server-key string
        server private-key file for the dedicated M2M GraphQL listener
  -m2m-graphql-server-name string
        dedicated M2M GraphQL server certificate identity
  -mcp-path string
        mcp endpoint path (default "/mcp")
  -mdns
        advertise graphql endpoint via mdns (default true)
  -mdns-instance string
        mdns instance name (default "helianthus")
  -modbus-tcp-dial-timeout duration
        Modbus TCP dial timeout
  -modbus-tcp-enabled
        enable the read-only Modbus TCP sidecar
  -modbus-tcp-endpoint string
        Modbus TCP endpoint URI (tcp://host:port)
  -modbus-tcp-endpoint-file string
        path to an owner-only file containing the Modbus TCP endpoint URI
  -network string
        transport network: unix, tcp, or udp (default "unix")
  -observe-first-enabled
        enable observe-first runtime behavior gates
  -passive-config-direct-apply
        allow passive config direct-apply when state direct-apply is enabled
  -passive-state-direct-apply
        allow passive state direct-apply when observe-first is enabled (default true)
  -phantom-initiator-reject-bytes string
        comma-separated hex bytes treated as phantom AND-collision artifacts (e.g. 0x71,0xFD); empty disables filtering. Default 0x71 covers the gateway=0x7F & initiator=0xF1 collision case observed on the live HA bus. Operators on different buses should set this explicitly. (default "0x71")
  -portal-modbus-raw-read-enabled
        enable Portal raw Modbus diagnostics
  -portal-path string
        dynamic portal path (default "/portal")
  -portal-pv-asset-ref string
        fixed SemReg PV asset reference for Portal PV
  -portal-pv-m2m-ca string
        M2M GraphQL CA file for Portal PV
  -portal-pv-m2m-client-cert string
        M2M GraphQL client certificate for Portal PV
  -portal-pv-m2m-client-key string
        M2M GraphQL client private key for Portal PV
  -portal-pv-m2m-server-name string
        dedicated M2M GraphQL certificate identity for Portal PV
  -portal-pv-m2m-url string
        dedicated M2M GraphQL URL for Portal PV
  -portal-pv-semantic-enabled
        enable Portal PV semantic BFF
  -portal-storage-asset-ref string
        fixed SemReg storage asset reference for Portal storage
  -portal-storage-m2m-ca string
        M2M GraphQL CA file for Portal storage
  -portal-storage-m2m-client-cert string
        M2M GraphQL client certificate for Portal storage
  -portal-storage-m2m-client-key string
        M2M GraphQL client private key for Portal storage
  -portal-storage-m2m-server-name string
        dedicated M2M GraphQL certificate identity for Portal storage
  -portal-storage-m2m-url string
        dedicated M2M GraphQL URL for Portal storage
  -portal-storage-semantic-enabled
        enable Portal storage semantic BFF
  -proxy-listen string
        TCP listen address for ENH proxy clients (e.g. :19001, empty disables)
  -queue-capacity int
        bus queue capacity (0 uses protocol default)
  -read-timeout duration
        transport read timeout (default 5s)
  -runtime-state-path string
        override /data/runtime_state.json path (empty uses runtimestate package default)
  -scan
        scan bus on startup (default true)
  -scan-interval duration
        startup scan retry interval (when scan finds 0 devices) (default 30s)
  -scan-request-timeout duration
        startup scan per-request timeout (default 400ms)
  -scan-timeout duration
        startup scan timeout (default 3m0s)
  -semantic-cache-path string
        semantic cache file path for startup preload and live persistence (default "./semantic_cache.json")
  -semantic-config-interval duration
        semantic config polling interval (default 5m0s)
  -semantic-dhw-stale-ttl duration
        maximum age to keep DHW last-known state during cache-sourced/transient failures (default 15m0s)
  -semantic-discovery-interval duration
        semantic discovery polling interval (default 10m0s)
  -semantic-energy-interval duration
        semantic energy polling interval (default 5m0s)
  -semantic-interval value
        DEPRECATED: semantic state polling interval
  -semantic-prometheus-evse-enabled
        append detached EVSE SemReg metrics when an EVSE semantic runtime is configured
  -semantic-read-breaker-failure-budget value
        semantic read breaker consecutive failure budget (<=0 disables)
  -semantic-read-breaker-half-open-probe-limit int
        semantic read breaker half-open probes per cooldown window (default 1)
  -semantic-read-breaker-open-cooldown duration
        semantic read breaker open-state cooldown before probe (default 15s)
  -semantic-regulator-absence-grace duration
        grace window before WARN_NO_REGULATOR after regulator disappears (default 5m0s)
  -semantic-regulator-recheck-interval duration
        regulator capability re-evaluation interval (default 1m0s)
  -semantic-request-timeout duration
        semantic per-request timeout (default 2s)
  -semantic-state-interval duration
        semantic state polling interval (default 1m0s)
  -semantic-zone-presence-hit-threshold int
        consecutive discovery hits required before an absent zone is marked present (default 2)
  -semantic-zone-presence-miss-threshold int
        consecutive discovery misses required before a zone is marked absent (default 3)
  -snapshot-path string
        projection snapshot endpoint path (default "/snapshot")
  -source-addr value
        source address for scans/semantic reads (e.g. 0xf0, 0x00, or auto)
  -startup-probe-targets value
        comma-separated explicit startup directed-probe targets (e.g. 0x08,0x15)
  -startup-source-override value
        override source address for source-selection-capable direct transports (e.g. 0xf0)
  -startup-source-override-validate
        run source-address selector in advisory-only mode alongside startup-source-override
  -subscription-path string
        graphql subscriptions path (default "/graphql/subscriptions")
  -synchronized-evidence-one-shot-enabled
        enable the fixed owner-only synchronized evidence one-shot control
  -tesla-gen3-hsc-asset-id string
        stable Tesla WC3 semantic asset identity
  -tesla-gen3-hsc-clock-epoch string
        Tesla WC3 retained monotonic clock epoch
  -tesla-gen3-hsc-connector-id string
        Tesla WC3 connector semantic dimension identity
  -tesla-gen3-hsc-driver-generation uint
        Tesla WC3 retained driver generation
  -tesla-gen3-hsc-endpoint-id string
        public Tesla HSC endpoint identity
  -tesla-gen3-hsc-evse-id string
        Tesla WC3 EVSE semantic dimension identity
  -tesla-gen3-hsc-node value
        Tesla WC3 unicast Modbus node
  -tesla-gen3-hsc-profile string
        exact Tesla WC3 retained operation profile
  -tesla-gen3-hsc-retained-enabled
        enable the non-send Tesla Gen3 HSC completed-outcome owner
  -tesla-gen3-hsc-source-epoch string
        Tesla WC3 retained source epoch
  -tesla-gen3-hsc-source-id string
        stable Tesla WC3 native source identity
  -transport string
        transport protocol: enh, ens, udp-plain, tcp-plain, or ebusd-tcp (default "enh")
  -ui-path string
        portal ui path (default "/ui")
  -write-timeout duration
        transport write timeout (default 5s)
invalid value "key\x00.pem" for flag -eebus-private-key-path: invalid eebus-private-key-path: path contains NUL
Usage of gateway-test:
  -address string
        transport address (unix socket path or host:port) (default "/var/run/ebusd/ebusd.socket")
  -boot-live-timeout duration
        semantic startup timeout before entering degraded mode (default 2m0s)
  -broadcast
        enable broadcast listener (separate connection)
  -diagnostic-full-range-retry
        allow full-range retry on non-ebusd-tcp transports after a Vaillant root candidate is observed
  -dial-timeout duration
        transport dial timeout (default 5s)
  -dump-include-pii
        include identifiers in unknown device dumps
  -dump-output-dir string
        unknown device dump output dir (default "./dumps")
  -dump-upload-path string
        register dump upload endpoint path
  -dump-upload-url string
        unknown device dump upload url (internal)
  -eebus-certificate-path value
        eeBUS certificate file path
  -eebus-discovery-enabled
        enable eeBUS discovery
  -eebus-enabled
        record intent to activate the eeBUS runtime sidecar (M5A does not start it)
  -eebus-interfaces value
        comma-separated explicit eeBUS network interfaces
  -eebus-listen-port value
        eeBUS SHIP listen port (0 remains unconfigured)
  -eebus-pairing-window-mode value
        eeBUS pairing-window mode (M5A: closed only)
  -eebus-private-key-path value
        eeBUS private-key file path
  -eebus-remote-ski-allowlist value
        comma-separated remote eeBUS SKI allowlist
  -eebus-state-root value
        eeBUS runtime state root
  -eebus-subnets value
        comma-separated explicit eeBUS network prefixes
  -eebus-trust-store-path value
        eeBUS trust-store file path
  -enable-static-seed-table
        plant productids static seed entries (NETX3 0xF1 / 0xF6 / 0x04 / 0xFF, BASV2 0x15 / 0xEC) into registry at startup; default false
  -external-write-policy value
        externally observed write policy: invalidate_only, record_only, or record_and_invalidate
  -graphql-path string
        graphql endpoint path (default "/graphql")
  -growatt-bms-rs485-asset-id string
        explicit non-secret stable Growatt BMS semantic asset identity
  -growatt-bms-rs485-baud value
        Growatt BMS RS-485 baud
  -growatt-bms-rs485-driver-generation uint
        explicit Growatt BMS driver generation
  -growatt-bms-rs485-enabled
        enable the exact read-only Growatt BMS RS-485 V2.02 observer
  -growatt-bms-rs485-max-quiescence duration
        Growatt BMS RTU recovery quiescence bound
  -growatt-bms-rs485-max-response-delay duration
        Growatt BMS maximum RTU response delay
  -growatt-bms-rs485-parity string
        Growatt BMS RS-485 parity: none, even, or odd
  -growatt-bms-rs485-response-timeout duration
        Growatt BMS RTU response timeout
  -growatt-bms-rs485-serial-path string
        configured Growatt BMS RS-485 serial path
  -growatt-bms-rs485-source-epoch string
        explicit Growatt BMS source epoch
  -growatt-bms-rs485-source-id string
        explicit non-secret Growatt BMS source identity
  -growatt-bms-rs485-stop-bits value
        Growatt BMS RS-485 stop bits
  -growatt-bms-rs485-unit-id value
        Growatt BMS unicast Modbus unit ID
  -http-addr string
        http listen address (empty disables) (default ":8080")
  -instance-guid value
        stable gateway instance UUIDv4 (lowercase)
  -instance-guid-source string
        AD27 provenance tag for -instance-guid (runtime_state | legacy_migrated | generated | cli-override); empty defaults to cli-override with a deprecation log when -instance-guid is provided
  -m2m-graphql-allowed-assets value
        comma-separated opaque asset allowlist
  -m2m-graphql-client-ca string
        client CA file for the dedicated M2M GraphQL listener
  -m2m-graphql-denied-principals value
        comma-separated SHA-256 client certificate fingerprints
  -m2m-graphql-listen string
        dedicated M2M GraphQL TLS listen address
  -m2m-graphql-server-cert string
        server certificate file for the dedicated M2M GraphQL listener
  -m2m-graphql-server-key string
        server private-key file for the dedicated M2M GraphQL listener
  -m2m-graphql-server-name string
        dedicated M2M GraphQL server certificate identity
  -mcp-path string
        mcp endpoint path (default "/mcp")
  -mdns
        advertise graphql endpoint via mdns (default true)
  -mdns-instance string
        mdns instance name (default "helianthus")
  -modbus-tcp-dial-timeout duration
        Modbus TCP dial timeout
  -modbus-tcp-enabled
        enable the read-only Modbus TCP sidecar
  -modbus-tcp-endpoint string
        Modbus TCP endpoint URI (tcp://host:port)
  -modbus-tcp-endpoint-file string
        path to an owner-only file containing the Modbus TCP endpoint URI
  -network string
        transport network: unix, tcp, or udp (default "unix")
  -observe-first-enabled
        enable observe-first runtime behavior gates
  -passive-config-direct-apply
        allow passive config direct-apply when state direct-apply is enabled
  -passive-state-direct-apply
        allow passive state direct-apply when observe-first is enabled (default true)
  -phantom-initiator-reject-bytes string
        comma-separated hex bytes treated as phantom AND-collision artifacts (e.g. 0x71,0xFD); empty disables filtering. Default 0x71 covers the gateway=0x7F & initiator=0xF1 collision case observed on the live HA bus. Operators on different buses should set this explicitly. (default "0x71")
  -portal-modbus-raw-read-enabled
        enable Portal raw Modbus diagnostics
  -portal-path string
        dynamic portal path (default "/portal")
  -portal-pv-asset-ref string
        fixed SemReg PV asset reference for Portal PV
  -portal-pv-m2m-ca string
        M2M GraphQL CA file for Portal PV
  -portal-pv-m2m-client-cert string
        M2M GraphQL client certificate for Portal PV
  -portal-pv-m2m-client-key string
        M2M GraphQL client private key for Portal PV
  -portal-pv-m2m-server-name string
        dedicated M2M GraphQL certificate identity for Portal PV
  -portal-pv-m2m-url string
        dedicated M2M GraphQL URL for Portal PV
  -portal-pv-semantic-enabled
        enable Portal PV semantic BFF
  -portal-storage-asset-ref string
        fixed SemReg storage asset reference for Portal storage
  -portal-storage-m2m-ca string
        M2M GraphQL CA file for Portal storage
  -portal-storage-m2m-client-cert string
        M2M GraphQL client certificate for Portal storage
  -portal-storage-m2m-client-key string
        M2M GraphQL client private key for Portal storage
  -portal-storage-m2m-server-name string
        dedicated M2M GraphQL certificate identity for Portal storage
  -portal-storage-m2m-url string
        dedicated M2M GraphQL URL for Portal storage
  -portal-storage-semantic-enabled
        enable Portal storage semantic BFF
  -proxy-listen string
        TCP listen address for ENH proxy clients (e.g. :19001, empty disables)
  -queue-capacity int
        bus queue capacity (0 uses protocol default)
  -read-timeout duration
        transport read timeout (default 5s)
  -runtime-state-path string
        override /data/runtime_state.json path (empty uses runtimestate package default)
  -scan
        scan bus on startup (default true)
  -scan-interval duration
        startup scan retry interval (when scan finds 0 devices) (default 30s)
  -scan-request-timeout duration
        startup scan per-request timeout (default 400ms)
  -scan-timeout duration
        startup scan timeout (default 3m0s)
  -semantic-cache-path string
        semantic cache file path for startup preload and live persistence (default "./semantic_cache.json")
  -semantic-config-interval duration
        semantic config polling interval (default 5m0s)
  -semantic-dhw-stale-ttl duration
        maximum age to keep DHW last-known state during cache-sourced/transient failures (default 15m0s)
  -semantic-discovery-interval duration
        semantic discovery polling interval (default 10m0s)
  -semantic-energy-interval duration
        semantic energy polling interval (default 5m0s)
  -semantic-interval value
        DEPRECATED: semantic state polling interval
  -semantic-prometheus-evse-enabled
        append detached EVSE SemReg metrics when an EVSE semantic runtime is configured
  -semantic-read-breaker-failure-budget value
        semantic read breaker consecutive failure budget (<=0 disables)
  -semantic-read-breaker-half-open-probe-limit int
        semantic read breaker half-open probes per cooldown window (default 1)
  -semantic-read-breaker-open-cooldown duration
        semantic read breaker open-state cooldown before probe (default 15s)
  -semantic-regulator-absence-grace duration
        grace window before WARN_NO_REGULATOR after regulator disappears (default 5m0s)
  -semantic-regulator-recheck-interval duration
        regulator capability re-evaluation interval (default 1m0s)
  -semantic-request-timeout duration
        semantic per-request timeout (default 2s)
  -semantic-state-interval duration
        semantic state polling interval (default 1m0s)
  -semantic-zone-presence-hit-threshold int
        consecutive discovery hits required before an absent zone is marked present (default 2)
  -semantic-zone-presence-miss-threshold int
        consecutive discovery misses required before a zone is marked absent (default 3)
  -snapshot-path string
        projection snapshot endpoint path (default "/snapshot")
  -source-addr value
        source address for scans/semantic reads (e.g. 0xf0, 0x00, or auto)
  -startup-probe-targets value
        comma-separated explicit startup directed-probe targets (e.g. 0x08,0x15)
  -startup-source-override value
        override source address for source-selection-capable direct transports (e.g. 0xf0)
  -startup-source-override-validate
        run source-address selector in advisory-only mode alongside startup-source-override
  -subscription-path string
        graphql subscriptions path (default "/graphql/subscriptions")
  -synchronized-evidence-one-shot-enabled
        enable the fixed owner-only synchronized evidence one-shot control
  -tesla-gen3-hsc-asset-id string
        stable Tesla WC3 semantic asset identity
  -tesla-gen3-hsc-clock-epoch string
        Tesla WC3 retained monotonic clock epoch
  -tesla-gen3-hsc-connector-id string
        Tesla WC3 connector semantic dimension identity
  -tesla-gen3-hsc-driver-generation uint
        Tesla WC3 retained driver generation
  -tesla-gen3-hsc-endpoint-id string
        public Tesla HSC endpoint identity
  -tesla-gen3-hsc-evse-id string
        Tesla WC3 EVSE semantic dimension identity
  -tesla-gen3-hsc-node value
        Tesla WC3 unicast Modbus node
  -tesla-gen3-hsc-profile string
        exact Tesla WC3 retained operation profile
  -tesla-gen3-hsc-retained-enabled
        enable the non-send Tesla Gen3 HSC completed-outcome owner
  -tesla-gen3-hsc-source-epoch string
        Tesla WC3 retained source epoch
  -tesla-gen3-hsc-source-id string
        stable Tesla WC3 native source identity
  -transport string
        transport protocol: enh, ens, udp-plain, tcp-plain, or ebusd-tcp (default "enh")
  -ui-path string
        portal ui path (default "/ui")
  -write-timeout duration
        transport write timeout (default 5s)
invalid value "trust\x00.json" for flag -eebus-trust-store-path: invalid eebus-trust-store-path: path contains NUL
Usage of gateway-test:
  -address string
        transport address (unix socket path or host:port) (default "/var/run/ebusd/ebusd.socket")
  -boot-live-timeout duration
        semantic startup timeout before entering degraded mode (default 2m0s)
  -broadcast
        enable broadcast listener (separate connection)
  -diagnostic-full-range-retry
        allow full-range retry on non-ebusd-tcp transports after a Vaillant root candidate is observed
  -dial-timeout duration
        transport dial timeout (default 5s)
  -dump-include-pii
        include identifiers in unknown device dumps
  -dump-output-dir string
        unknown device dump output dir (default "./dumps")
  -dump-upload-path string
        register dump upload endpoint path
  -dump-upload-url string
        unknown device dump upload url (internal)
  -eebus-certificate-path value
        eeBUS certificate file path
  -eebus-discovery-enabled
        enable eeBUS discovery
  -eebus-enabled
        record intent to activate the eeBUS runtime sidecar (M5A does not start it)
  -eebus-interfaces value
        comma-separated explicit eeBUS network interfaces
  -eebus-listen-port value
        eeBUS SHIP listen port (0 remains unconfigured)
  -eebus-pairing-window-mode value
        eeBUS pairing-window mode (M5A: closed only)
  -eebus-private-key-path value
        eeBUS private-key file path
  -eebus-remote-ski-allowlist value
        comma-separated remote eeBUS SKI allowlist
  -eebus-state-root value
        eeBUS runtime state root
  -eebus-subnets value
        comma-separated explicit eeBUS network prefixes
  -eebus-trust-store-path value
        eeBUS trust-store file path
  -enable-static-seed-table
        plant productids static seed entries (NETX3 0xF1 / 0xF6 / 0x04 / 0xFF, BASV2 0x15 / 0xEC) into registry at startup; default false
  -external-write-policy value
        externally observed write policy: invalidate_only, record_only, or record_and_invalidate
  -graphql-path string
        graphql endpoint path (default "/graphql")
  -growatt-bms-rs485-asset-id string
        explicit non-secret stable Growatt BMS semantic asset identity
  -growatt-bms-rs485-baud value
        Growatt BMS RS-485 baud
  -growatt-bms-rs485-driver-generation uint
        explicit Growatt BMS driver generation
  -growatt-bms-rs485-enabled
        enable the exact read-only Growatt BMS RS-485 V2.02 observer
  -growatt-bms-rs485-max-quiescence duration
        Growatt BMS RTU recovery quiescence bound
  -growatt-bms-rs485-max-response-delay duration
        Growatt BMS maximum RTU response delay
  -growatt-bms-rs485-parity string
        Growatt BMS RS-485 parity: none, even, or odd
  -growatt-bms-rs485-response-timeout duration
        Growatt BMS RTU response timeout
  -growatt-bms-rs485-serial-path string
        configured Growatt BMS RS-485 serial path
  -growatt-bms-rs485-source-epoch string
        explicit Growatt BMS source epoch
  -growatt-bms-rs485-source-id string
        explicit non-secret Growatt BMS source identity
  -growatt-bms-rs485-stop-bits value
        Growatt BMS RS-485 stop bits
  -growatt-bms-rs485-unit-id value
        Growatt BMS unicast Modbus unit ID
  -http-addr string
        http listen address (empty disables) (default ":8080")
  -instance-guid value
        stable gateway instance UUIDv4 (lowercase)
  -instance-guid-source string
        AD27 provenance tag for -instance-guid (runtime_state | legacy_migrated | generated | cli-override); empty defaults to cli-override with a deprecation log when -instance-guid is provided
  -m2m-graphql-allowed-assets value
        comma-separated opaque asset allowlist
  -m2m-graphql-client-ca string
        client CA file for the dedicated M2M GraphQL listener
  -m2m-graphql-denied-principals value
        comma-separated SHA-256 client certificate fingerprints
  -m2m-graphql-listen string
        dedicated M2M GraphQL TLS listen address
  -m2m-graphql-server-cert string
        server certificate file for the dedicated M2M GraphQL listener
  -m2m-graphql-server-key string
        server private-key file for the dedicated M2M GraphQL listener
  -m2m-graphql-server-name string
        dedicated M2M GraphQL server certificate identity
  -mcp-path string
        mcp endpoint path (default "/mcp")
  -mdns
        advertise graphql endpoint via mdns (default true)
  -mdns-instance string
        mdns instance name (default "helianthus")
  -modbus-tcp-dial-timeout duration
        Modbus TCP dial timeout
  -modbus-tcp-enabled
        enable the read-only Modbus TCP sidecar
  -modbus-tcp-endpoint string
        Modbus TCP endpoint URI (tcp://host:port)
  -modbus-tcp-endpoint-file string
        path to an owner-only file containing the Modbus TCP endpoint URI
  -network string
        transport network: unix, tcp, or udp (default "unix")
  -observe-first-enabled
        enable observe-first runtime behavior gates
  -passive-config-direct-apply
        allow passive config direct-apply when state direct-apply is enabled
  -passive-state-direct-apply
        allow passive state direct-apply when observe-first is enabled (default true)
  -phantom-initiator-reject-bytes string
        comma-separated hex bytes treated as phantom AND-collision artifacts (e.g. 0x71,0xFD); empty disables filtering. Default 0x71 covers the gateway=0x7F & initiator=0xF1 collision case observed on the live HA bus. Operators on different buses should set this explicitly. (default "0x71")
  -portal-modbus-raw-read-enabled
        enable Portal raw Modbus diagnostics
  -portal-path string
        dynamic portal path (default "/portal")
  -portal-pv-asset-ref string
        fixed SemReg PV asset reference for Portal PV
  -portal-pv-m2m-ca string
        M2M GraphQL CA file for Portal PV
  -portal-pv-m2m-client-cert string
        M2M GraphQL client certificate for Portal PV
  -portal-pv-m2m-client-key string
        M2M GraphQL client private key for Portal PV
  -portal-pv-m2m-server-name string
        dedicated M2M GraphQL certificate identity for Portal PV
  -portal-pv-m2m-url string
        dedicated M2M GraphQL URL for Portal PV
  -portal-pv-semantic-enabled
        enable Portal PV semantic BFF
  -portal-storage-asset-ref string
        fixed SemReg storage asset reference for Portal storage
  -portal-storage-m2m-ca string
        M2M GraphQL CA file for Portal storage
  -portal-storage-m2m-client-cert string
        M2M GraphQL client certificate for Portal storage
  -portal-storage-m2m-client-key string
        M2M GraphQL client private key for Portal storage
  -portal-storage-m2m-server-name string
        dedicated M2M GraphQL certificate identity for Portal storage
  -portal-storage-m2m-url string
        dedicated M2M GraphQL URL for Portal storage
  -portal-storage-semantic-enabled
        enable Portal storage semantic BFF
  -proxy-listen string
        TCP listen address for ENH proxy clients (e.g. :19001, empty disables)
  -queue-capacity int
        bus queue capacity (0 uses protocol default)
  -read-timeout duration
        transport read timeout (default 5s)
  -runtime-state-path string
        override /data/runtime_state.json path (empty uses runtimestate package default)
  -scan
        scan bus on startup (default true)
  -scan-interval duration
        startup scan retry interval (when scan finds 0 devices) (default 30s)
  -scan-request-timeout duration
        startup scan per-request timeout (default 400ms)
  -scan-timeout duration
        startup scan timeout (default 3m0s)
  -semantic-cache-path string
        semantic cache file path for startup preload and live persistence (default "./semantic_cache.json")
  -semantic-config-interval duration
        semantic config polling interval (default 5m0s)
  -semantic-dhw-stale-ttl duration
        maximum age to keep DHW last-known state during cache-sourced/transient failures (default 15m0s)
  -semantic-discovery-interval duration
        semantic discovery polling interval (default 10m0s)
  -semantic-energy-interval duration
        semantic energy polling interval (default 5m0s)
  -semantic-interval value
        DEPRECATED: semantic state polling interval
  -semantic-prometheus-evse-enabled
        append detached EVSE SemReg metrics when an EVSE semantic runtime is configured
  -semantic-read-breaker-failure-budget value
        semantic read breaker consecutive failure budget (<=0 disables)
  -semantic-read-breaker-half-open-probe-limit int
        semantic read breaker half-open probes per cooldown window (default 1)
  -semantic-read-breaker-open-cooldown duration
        semantic read breaker open-state cooldown before probe (default 15s)
  -semantic-regulator-absence-grace duration
        grace window before WARN_NO_REGULATOR after regulator disappears (default 5m0s)
  -semantic-regulator-recheck-interval duration
        regulator capability re-evaluation interval (default 1m0s)
  -semantic-request-timeout duration
        semantic per-request timeout (default 2s)
  -semantic-state-interval duration
        semantic state polling interval (default 1m0s)
  -semantic-zone-presence-hit-threshold int
        consecutive discovery hits required before an absent zone is marked present (default 2)
  -semantic-zone-presence-miss-threshold int
        consecutive discovery misses required before a zone is marked absent (default 3)
  -snapshot-path string
        projection snapshot endpoint path (default "/snapshot")
  -source-addr value
        source address for scans/semantic reads (e.g. 0xf0, 0x00, or auto)
  -startup-probe-targets value
        comma-separated explicit startup directed-probe targets (e.g. 0x08,0x15)
  -startup-source-override value
        override source address for source-selection-capable direct transports (e.g. 0xf0)
  -startup-source-override-validate
        run source-address selector in advisory-only mode alongside startup-source-override
  -subscription-path string
        graphql subscriptions path (default "/graphql/subscriptions")
  -synchronized-evidence-one-shot-enabled
        enable the fixed owner-only synchronized evidence one-shot control
  -tesla-gen3-hsc-asset-id string
        stable Tesla WC3 semantic asset identity
  -tesla-gen3-hsc-clock-epoch string
        Tesla WC3 retained monotonic clock epoch
  -tesla-gen3-hsc-connector-id string
        Tesla WC3 connector semantic dimension identity
  -tesla-gen3-hsc-driver-generation uint
        Tesla WC3 retained driver generation
  -tesla-gen3-hsc-endpoint-id string
        public Tesla HSC endpoint identity
  -tesla-gen3-hsc-evse-id string
        Tesla WC3 EVSE semantic dimension identity
  -tesla-gen3-hsc-node value
        Tesla WC3 unicast Modbus node
  -tesla-gen3-hsc-profile string
        exact Tesla WC3 retained operation profile
  -tesla-gen3-hsc-retained-enabled
        enable the non-send Tesla Gen3 HSC completed-outcome owner
  -tesla-gen3-hsc-source-epoch string
        Tesla WC3 retained source epoch
  -tesla-gen3-hsc-source-id string
        stable Tesla WC3 native source identity
  -transport string
        transport protocol: enh, ens, udp-plain, tcp-plain, or ebusd-tcp (default "enh")
  -ui-path string
        portal ui path (default "/ui")
  -write-timeout duration
        transport write timeout (default 5s)
2026/09/15 19:20:48 eeBUS operator boundary unavailable reason=operator_runtime
2026/09/15 19:20:48 INFO runtime_state: file absent, starting empty path=/data/runtime_state.json
2026/09/15 19:20:48 WARN runtime_state: persist failed; keeping dirty for retry error="open /data/runtime_state.json.tmp: no such file or directory"
2026/09/15 19:20:48 runtime_state: startup metadata persist failed (continuing): open /data/runtime_state.json.tmp: no such file or directory
2026/09/15 19:20:48 eBUS driver unavailable; continuing state=STARTING reason=START_REQUESTED
2026/09/15 19:20:48 WARN runtime_state: persist failed; keeping dirty for retry error="open /data/runtime_state.json.tmp: no such file or directory"
2026/09/15 19:20:48 eeBUS operator boundary unavailable reason=operator_runtime
2026/09/15 19:20:48 INFO runtime_state: file absent, starting empty path=[temp]/TestMSP05BRunJoinsHTTPStartupErrorWithSidecarShutdown1791941872/001/runtime-state.json
2026/09/15 19:20:48 eBUS driver unavailable; continuing state=STARTING reason=START_REQUESTED
2026/09/15 19:20:48 eeBUS operator boundary unavailable reason=operator_runtime
2026/09/15 19:20:48 INFO runtime_state: file absent, starting empty path=[temp]/TestMSP05BRunCleanCancellationReturnsSidecarShutdownError3762010007/001/runtime-state.json
2026/09/15 19:20:48 eBUS driver unavailable; continuing state=STARTING reason=START_REQUESTED
2026/09/15 19:20:48 startup source selection candidate source=0xF0 companion_target=0xF5 provenance=configured_source
2026/09/15 19:20:48 startup scan pass
2026/09/15 19:20:48 startup_directed_probe_phase begin source=0xF0 provenance=source_selection
2026/09/15 19:20:48 eeBUS operator boundary unavailable reason=operator_runtime
2026/09/15 19:20:48 eeBUS runtime unavailable; continuing without eeBUS reason=startup
2026/09/15 19:20:48 INFO runtime_state: file absent, starting empty path=[temp]/TestIssue846RunKeepsGatewayAvailableWhenEEBusStartupFails1088896578/001/runtime-state.json
2026/09/15 19:20:48 eBUS driver unavailable; continuing state=STARTING reason=START_REQUESTED
2026/09/15 19:20:48 startup source selection candidate source=0xF0 companion_target=0xF5 provenance=configured_source
2026/09/15 19:20:48 startup scan pass
2026/09/15 19:20:48 startup_directed_probe_phase begin source=0xF0 provenance=source_selection
2026/09/15 19:20:48 INFO runtime_state: file absent, starting empty path=/data/runtime_state.json
2026/09/15 19:20:48 WARN runtime_state: persist failed; keeping dirty for retry error="open /data/runtime_state.json.tmp: no such file or directory"
2026/09/15 19:20:48 runtime_state: startup metadata persist failed (continuing): open /data/runtime_state.json.tmp: no such file or directory
2026/09/15 19:20:48 eBUS driver unavailable; continuing state=STARTING reason=START_REQUESTED
2026/09/15 19:20:48 startup source selection candidate source=0xF0 companion_target=0xF5 provenance=configured_source
2026/09/15 19:20:48 startup scan pass
2026/09/15 19:20:48 startup_directed_probe_phase begin source=0xF0 provenance=source_selection
2026/09/15 19:20:48 WARN runtime_state: persist failed; keeping dirty for retry error="open /data/runtime_state.json.tmp: no such file or directory"
2026/09/15 19:20:48 portal request method=GET path="/api/v1/bootstrap" route=api.bootstrap status=200 duration_ms=0
2026/09/15 19:20:48 portal request method=POST path="/api/v1/explorer/modbus/raw-read" route=api.explorer.modbus.raw_read status=404 duration_ms=0
2026/09/15 19:20:48 portal request method=GET path="/api/v1/bootstrap" route=api.bootstrap status=200 duration_ms=0
2026/09/15 19:20:48 portal request method=POST path="/api/v1/explorer/modbus/raw-read" route=api.explorer.modbus.raw_read status=415 duration_ms=0
2026/09/15 19:20:48 portal request method=GET path="/api/v1/bootstrap" route=api.bootstrap status=200 duration_ms=0
2026/09/15 19:20:48 portal request method=POST path="/api/v1/explorer/modbus/raw-read" route=api.explorer.modbus.raw_read status=404 duration_ms=0
2026/09/15 19:20:48 portal request method=GET path="/api/v1/bootstrap" route=api.bootstrap status=200 duration_ms=0
2026/09/15 19:20:48 portal request method=POST path="/api/v1/explorer/modbus/raw-read" route=api.explorer.modbus.raw_read status=415 duration_ms=0
2026/09/15 19:20:48 portal request method=GET path="/api/v1/semantic/storage/current" route=static status=200 duration_ms=134
2026/09/15 19:21:00 portal request method=GET path="/api/v1/semantic/storage/current" route=static status=200 duration_ms=4144
2026/09/15 19:21:01 INFO runtime_state: file absent, starting empty path=/data/runtime_state.json
2026/09/15 19:21:01 WARN runtime_state: persist failed; keeping dirty for retry error="open /data/runtime_state.json.tmp: no such file or directory"
2026/09/15 19:21:01 runtime_state: startup metadata persist failed (continuing): open /data/runtime_state.json.tmp: no such file or directory
2026/09/15 19:21:01 eBUS driver unavailable; continuing state=STARTING reason=START_REQUESTED
2026/09/15 19:21:01 passive reconstructor started
2026/09/15 19:21:01 source address selection warmup begin
2026/09/15 19:21:06 startup source selection candidate source=0x7F companion_target=0x84
2026/09/15 19:21:06 startup scan pass
2026/09/15 19:21:06 startup_directed_probe_phase begin source=0x7F provenance=source_selection
2026/09/15 19:21:06 address_table_inserter insert addr=0xF1 role=initiator admitted_src=0x7F observed_at=2026-09-15T19:21:06.818518+03:00
2026/09/15 19:21:06 address_table_inserter insert addr=0xF6 role=target admitted_src=0x7F observed_at=2026-09-15T19:21:06.818518+03:00
2026/09/15 19:21:06 address_table_inserter alias addr=0xF6 companion=0xF1
2026/09/15 19:21:06 WARN runtime_state: persist failed; keeping dirty for retry error="open /data/runtime_state.json.tmp: no such file or directory"
invalid value "0x00" for flag -startup-source-override: invalid startup-source-override "0x00": source 0x00 is not a valid active initiator
Usage of gateway-test:
  -address string
        transport address (unix socket path or host:port) (default "/var/run/ebusd/ebusd.socket")
  -boot-live-timeout duration
        semantic startup timeout before entering degraded mode (default 2m0s)
  -broadcast
        enable broadcast listener (separate connection)
  -diagnostic-full-range-retry
        allow full-range retry on non-ebusd-tcp transports after a Vaillant root candidate is observed
  -dial-timeout duration
        transport dial timeout (default 5s)
  -dump-include-pii
        include identifiers in unknown device dumps
  -dump-output-dir string
        unknown device dump output dir (default "./dumps")
  -dump-upload-path string
        register dump upload endpoint path
  -dump-upload-url string
        unknown device dump upload url (internal)
  -eebus-certificate-path value
        eeBUS certificate file path
  -eebus-discovery-enabled
        enable eeBUS discovery
  -eebus-enabled
        record intent to activate the eeBUS runtime sidecar (M5A does not start it)
  -eebus-interfaces value
        comma-separated explicit eeBUS network interfaces
  -eebus-listen-port value
        eeBUS SHIP listen port (0 remains unconfigured)
  -eebus-pairing-window-mode value
        eeBUS pairing-window mode (M5A: closed only)
  -eebus-private-key-path value
        eeBUS private-key file path
  -eebus-remote-ski-allowlist value
        comma-separated remote eeBUS SKI allowlist
  -eebus-state-root value
        eeBUS runtime state root
  -eebus-subnets value
        comma-separated explicit eeBUS network prefixes
  -eebus-trust-store-path value
        eeBUS trust-store file path
  -enable-static-seed-table
        plant productids static seed entries (NETX3 0xF1 / 0xF6 / 0x04 / 0xFF, BASV2 0x15 / 0xEC) into registry at startup; default false
  -external-write-policy value
        externally observed write policy: invalidate_only, record_only, or record_and_invalidate
  -graphql-path string
        graphql endpoint path (default "/graphql")
  -growatt-bms-rs485-asset-id string
        explicit non-secret stable Growatt BMS semantic asset identity
  -growatt-bms-rs485-baud value
        Growatt BMS RS-485 baud
  -growatt-bms-rs485-driver-generation uint
        explicit Growatt BMS driver generation
  -growatt-bms-rs485-enabled
        enable the exact read-only Growatt BMS RS-485 V2.02 observer
  -growatt-bms-rs485-max-quiescence duration
        Growatt BMS RTU recovery quiescence bound
  -growatt-bms-rs485-max-response-delay duration
        Growatt BMS maximum RTU response delay
  -growatt-bms-rs485-parity string
        Growatt BMS RS-485 parity: none, even, or odd
  -growatt-bms-rs485-response-timeout duration
        Growatt BMS RTU response timeout
  -growatt-bms-rs485-serial-path string
        configured Growatt BMS RS-485 serial path
  -growatt-bms-rs485-source-epoch string
        explicit Growatt BMS source epoch
  -growatt-bms-rs485-source-id string
        explicit non-secret Growatt BMS source identity
  -growatt-bms-rs485-stop-bits value
        Growatt BMS RS-485 stop bits
  -growatt-bms-rs485-unit-id value
        Growatt BMS unicast Modbus unit ID
  -http-addr string
        http listen address (empty disables) (default ":8080")
  -instance-guid value
        stable gateway instance UUIDv4 (lowercase)
  -instance-guid-source string
        AD27 provenance tag for -instance-guid (runtime_state | legacy_migrated | generated | cli-override); empty defaults to cli-override with a deprecation log when -instance-guid is provided
  -m2m-graphql-allowed-assets value
        comma-separated opaque asset allowlist
  -m2m-graphql-client-ca string
        client CA file for the dedicated M2M GraphQL listener
  -m2m-graphql-denied-principals value
        comma-separated SHA-256 client certificate fingerprints
  -m2m-graphql-listen string
        dedicated M2M GraphQL TLS listen address
  -m2m-graphql-server-cert string
        server certificate file for the dedicated M2M GraphQL listener
  -m2m-graphql-server-key string
        server private-key file for the dedicated M2M GraphQL listener
  -m2m-graphql-server-name string
        dedicated M2M GraphQL server certificate identity
  -mcp-path string
        mcp endpoint path (default "/mcp")
  -mdns
        advertise graphql endpoint via mdns (default true)
  -mdns-instance string
        mdns instance name (default "helianthus")
  -modbus-tcp-dial-timeout duration
        Modbus TCP dial timeout
  -modbus-tcp-enabled
        enable the read-only Modbus TCP sidecar
  -modbus-tcp-endpoint string
        Modbus TCP endpoint URI (tcp://host:port)
  -modbus-tcp-endpoint-file string
        path to an owner-only file containing the Modbus TCP endpoint URI
  -network string
        transport network: unix, tcp, or udp (default "unix")
  -observe-first-enabled
        enable observe-first runtime behavior gates
  -passive-config-direct-apply
        allow passive config direct-apply when state direct-apply is enabled
  -passive-state-direct-apply
        allow passive state direct-apply when observe-first is enabled (default true)
  -phantom-initiator-reject-bytes string
        comma-separated hex bytes treated as phantom AND-collision artifacts (e.g. 0x71,0xFD); empty disables filtering. Default 0x71 covers the gateway=0x7F & initiator=0xF1 collision case observed on the live HA bus. Operators on different buses should set this explicitly. (default "0x71")
  -portal-modbus-raw-read-enabled
        enable Portal raw Modbus diagnostics
  -portal-path string
        dynamic portal path (default "/portal")
  -portal-pv-asset-ref string
        fixed SemReg PV asset reference for Portal PV
  -portal-pv-m2m-ca string
        M2M GraphQL CA file for Portal PV
  -portal-pv-m2m-client-cert string
        M2M GraphQL client certificate for Portal PV
  -portal-pv-m2m-client-key string
        M2M GraphQL client private key for Portal PV
  -portal-pv-m2m-server-name string
        dedicated M2M GraphQL certificate identity for Portal PV
  -portal-pv-m2m-url string
        dedicated M2M GraphQL URL for Portal PV
  -portal-pv-semantic-enabled
        enable Portal PV semantic BFF
  -portal-storage-asset-ref string
        fixed SemReg storage asset reference for Portal storage
  -portal-storage-m2m-ca string
        M2M GraphQL CA file for Portal storage
  -portal-storage-m2m-client-cert string
        M2M GraphQL client certificate for Portal storage
  -portal-storage-m2m-client-key string
        M2M GraphQL client private key for Portal storage
  -portal-storage-m2m-server-name string
        dedicated M2M GraphQL certificate identity for Portal storage
  -portal-storage-m2m-url string
        dedicated M2M GraphQL URL for Portal storage
  -portal-storage-semantic-enabled
        enable Portal storage semantic BFF
  -proxy-listen string
        TCP listen address for ENH proxy clients (e.g. :19001, empty disables)
  -queue-capacity int
        bus queue capacity (0 uses protocol default)
  -read-timeout duration
        transport read timeout (default 5s)
  -runtime-state-path string
        override /data/runtime_state.json path (empty uses runtimestate package default)
  -scan
        scan bus on startup (default true)
  -scan-interval duration
        startup scan retry interval (when scan finds 0 devices) (default 30s)
  -scan-request-timeout duration
        startup scan per-request timeout (default 400ms)
  -scan-timeout duration
        startup scan timeout (default 3m0s)
  -semantic-cache-path string
        semantic cache file path for startup preload and live persistence (default "./semantic_cache.json")
  -semantic-config-interval duration
        semantic config polling interval (default 5m0s)
  -semantic-dhw-stale-ttl duration
        maximum age to keep DHW last-known state during cache-sourced/transient failures (default 15m0s)
  -semantic-discovery-interval duration
        semantic discovery polling interval (default 10m0s)
  -semantic-energy-interval duration
        semantic energy polling interval (default 5m0s)
  -semantic-interval value
        DEPRECATED: semantic state polling interval
  -semantic-prometheus-evse-enabled
        append detached EVSE SemReg metrics when an EVSE semantic runtime is configured
  -semantic-read-breaker-failure-budget value
        semantic read breaker consecutive failure budget (<=0 disables)
  -semantic-read-breaker-half-open-probe-limit int
        semantic read breaker half-open probes per cooldown window (default 1)
  -semantic-read-breaker-open-cooldown duration
        semantic read breaker open-state cooldown before probe (default 15s)
  -semantic-regulator-absence-grace duration
        grace window before WARN_NO_REGULATOR after regulator disappears (default 5m0s)
  -semantic-regulator-recheck-interval duration
        regulator capability re-evaluation interval (default 1m0s)
  -semantic-request-timeout duration
        semantic per-request timeout (default 2s)
  -semantic-state-interval duration
        semantic state polling interval (default 1m0s)
  -semantic-zone-presence-hit-threshold int
        consecutive discovery hits required before an absent zone is marked present (default 2)
  -semantic-zone-presence-miss-threshold int
        consecutive discovery misses required before a zone is marked absent (default 3)
  -snapshot-path string
        projection snapshot endpoint path (default "/snapshot")
  -source-addr value
        source address for scans/semantic reads (e.g. 0xf0, 0x00, or auto)
  -startup-probe-targets value
        comma-separated explicit startup directed-probe targets (e.g. 0x08,0x15)
  -startup-source-override value
        override source address for source-selection-capable direct transports (e.g. 0xf0)
  -startup-source-override-validate
        run source-address selector in advisory-only mode alongside startup-source-override
  -subscription-path string
        graphql subscriptions path (default "/graphql/subscriptions")
  -synchronized-evidence-one-shot-enabled
        enable the fixed owner-only synchronized evidence one-shot control
  -tesla-gen3-hsc-asset-id string
        stable Tesla WC3 semantic asset identity
  -tesla-gen3-hsc-clock-epoch string
        Tesla WC3 retained monotonic clock epoch
  -tesla-gen3-hsc-connector-id string
        Tesla WC3 connector semantic dimension identity
  -tesla-gen3-hsc-driver-generation uint
        Tesla WC3 retained driver generation
  -tesla-gen3-hsc-endpoint-id string
        public Tesla HSC endpoint identity
  -tesla-gen3-hsc-evse-id string
        Tesla WC3 EVSE semantic dimension identity
  -tesla-gen3-hsc-node value
        Tesla WC3 unicast Modbus node
  -tesla-gen3-hsc-profile string
        exact Tesla WC3 retained operation profile
  -tesla-gen3-hsc-retained-enabled
        enable the non-send Tesla Gen3 HSC completed-outcome owner
  -tesla-gen3-hsc-source-epoch string
        Tesla WC3 retained source epoch
  -tesla-gen3-hsc-source-id string
        stable Tesla WC3 native source identity
  -transport string
        transport protocol: enh, ens, udp-plain, tcp-plain, or ebusd-tcp (default "enh")
  -ui-path string
        portal ui path (default "/ui")
  -write-timeout duration
        transport write timeout (default 5s)
invalid value "0xFE" for flag -startup-probe-targets: startup-probe-targets address 0xFE outside target-capable range
Usage of gateway-test:
  -address string
        transport address (unix socket path or host:port) (default "/var/run/ebusd/ebusd.socket")
  -boot-live-timeout duration
        semantic startup timeout before entering degraded mode (default 2m0s)
  -broadcast
        enable broadcast listener (separate connection)
  -diagnostic-full-range-retry
        allow full-range retry on non-ebusd-tcp transports after a Vaillant root candidate is observed
  -dial-timeout duration
        transport dial timeout (default 5s)
  -dump-include-pii
        include identifiers in unknown device dumps
  -dump-output-dir string
        unknown device dump output dir (default "./dumps")
  -dump-upload-path string
        register dump upload endpoint path
  -dump-upload-url string
        unknown device dump upload url (internal)
  -eebus-certificate-path value
        eeBUS certificate file path
  -eebus-discovery-enabled
        enable eeBUS discovery
  -eebus-enabled
        record intent to activate the eeBUS runtime sidecar (M5A does not start it)
  -eebus-interfaces value
        comma-separated explicit eeBUS network interfaces
  -eebus-listen-port value
        eeBUS SHIP listen port (0 remains unconfigured)
  -eebus-pairing-window-mode value
        eeBUS pairing-window mode (M5A: closed only)
  -eebus-private-key-path value
        eeBUS private-key file path
  -eebus-remote-ski-allowlist value
        comma-separated remote eeBUS SKI allowlist
  -eebus-state-root value
        eeBUS runtime state root
  -eebus-subnets value
        comma-separated explicit eeBUS network prefixes
  -eebus-trust-store-path value
        eeBUS trust-store file path
  -enable-static-seed-table
        plant productids static seed entries (NETX3 0xF1 / 0xF6 / 0x04 / 0xFF, BASV2 0x15 / 0xEC) into registry at startup; default false
  -external-write-policy value
        externally observed write policy: invalidate_only, record_only, or record_and_invalidate
  -graphql-path string
        graphql endpoint path (default "/graphql")
  -growatt-bms-rs485-asset-id string
        explicit non-secret stable Growatt BMS semantic asset identity
  -growatt-bms-rs485-baud value
        Growatt BMS RS-485 baud
  -growatt-bms-rs485-driver-generation uint
        explicit Growatt BMS driver generation
  -growatt-bms-rs485-enabled
        enable the exact read-only Growatt BMS RS-485 V2.02 observer
  -growatt-bms-rs485-max-quiescence duration
        Growatt BMS RTU recovery quiescence bound
  -growatt-bms-rs485-max-response-delay duration
        Growatt BMS maximum RTU response delay
  -growatt-bms-rs485-parity string
        Growatt BMS RS-485 parity: none, even, or odd
  -growatt-bms-rs485-response-timeout duration
        Growatt BMS RTU response timeout
  -growatt-bms-rs485-serial-path string
        configured Growatt BMS RS-485 serial path
  -growatt-bms-rs485-source-epoch string
        explicit Growatt BMS source epoch
  -growatt-bms-rs485-source-id string
        explicit non-secret Growatt BMS source identity
  -growatt-bms-rs485-stop-bits value
        Growatt BMS RS-485 stop bits
  -growatt-bms-rs485-unit-id value
        Growatt BMS unicast Modbus unit ID
  -http-addr string
        http listen address (empty disables) (default ":8080")
  -instance-guid value
        stable gateway instance UUIDv4 (lowercase)
  -instance-guid-source string
        AD27 provenance tag for -instance-guid (runtime_state | legacy_migrated | generated | cli-override); empty defaults to cli-override with a deprecation log when -instance-guid is provided
  -m2m-graphql-allowed-assets value
        comma-separated opaque asset allowlist
  -m2m-graphql-client-ca string
        client CA file for the dedicated M2M GraphQL listener
  -m2m-graphql-denied-principals value
        comma-separated SHA-256 client certificate fingerprints
  -m2m-graphql-listen string
        dedicated M2M GraphQL TLS listen address
  -m2m-graphql-server-cert string
        server certificate file for the dedicated M2M GraphQL listener
  -m2m-graphql-server-key string
        server private-key file for the dedicated M2M GraphQL listener
  -m2m-graphql-server-name string
        dedicated M2M GraphQL server certificate identity
  -mcp-path string
        mcp endpoint path (default "/mcp")
  -mdns
        advertise graphql endpoint via mdns (default true)
  -mdns-instance string
        mdns instance name (default "helianthus")
  -modbus-tcp-dial-timeout duration
        Modbus TCP dial timeout
  -modbus-tcp-enabled
        enable the read-only Modbus TCP sidecar
  -modbus-tcp-endpoint string
        Modbus TCP endpoint URI (tcp://host:port)
  -modbus-tcp-endpoint-file string
        path to an owner-only file containing the Modbus TCP endpoint URI
  -network string
        transport network: unix, tcp, or udp (default "unix")
  -observe-first-enabled
        enable observe-first runtime behavior gates
  -passive-config-direct-apply
        allow passive config direct-apply when state direct-apply is enabled
  -passive-state-direct-apply
        allow passive state direct-apply when observe-first is enabled (default true)
  -phantom-initiator-reject-bytes string
        comma-separated hex bytes treated as phantom AND-collision artifacts (e.g. 0x71,0xFD); empty disables filtering. Default 0x71 covers the gateway=0x7F & initiator=0xF1 collision case observed on the live HA bus. Operators on different buses should set this explicitly. (default "0x71")
  -portal-modbus-raw-read-enabled
        enable Portal raw Modbus diagnostics
  -portal-path string
        dynamic portal path (default "/portal")
  -portal-pv-asset-ref string
        fixed SemReg PV asset reference for Portal PV
  -portal-pv-m2m-ca string
        M2M GraphQL CA file for Portal PV
  -portal-pv-m2m-client-cert string
        M2M GraphQL client certificate for Portal PV
  -portal-pv-m2m-client-key string
        M2M GraphQL client private key for Portal PV
  -portal-pv-m2m-server-name string
        dedicated M2M GraphQL certificate identity for Portal PV
  -portal-pv-m2m-url string
        dedicated M2M GraphQL URL for Portal PV
  -portal-pv-semantic-enabled
        enable Portal PV semantic BFF
  -portal-storage-asset-ref string
        fixed SemReg storage asset reference for Portal storage
  -portal-storage-m2m-ca string
        M2M GraphQL CA file for Portal storage
  -portal-storage-m2m-client-cert string
        M2M GraphQL client certificate for Portal storage
  -portal-storage-m2m-client-key string
        M2M GraphQL client private key for Portal storage
  -portal-storage-m2m-server-name string
        dedicated M2M GraphQL certificate identity for Portal storage
  -portal-storage-m2m-url string
        dedicated M2M GraphQL URL for Portal storage
  -portal-storage-semantic-enabled
        enable Portal storage semantic BFF
  -proxy-listen string
        TCP listen address for ENH proxy clients (e.g. :19001, empty disables)
  -queue-capacity int
        bus queue capacity (0 uses protocol default)
  -read-timeout duration
        transport read timeout (default 5s)
  -runtime-state-path string
        override /data/runtime_state.json path (empty uses runtimestate package default)
  -scan
        scan bus on startup (default true)
  -scan-interval duration
        startup scan retry interval (when scan finds 0 devices) (default 30s)
  -scan-request-timeout duration
        startup scan per-request timeout (default 400ms)
  -scan-timeout duration
        startup scan timeout (default 3m0s)
  -semantic-cache-path string
        semantic cache file path for startup preload and live persistence (default "./semantic_cache.json")
  -semantic-config-interval duration
        semantic config polling interval (default 5m0s)
  -semantic-dhw-stale-ttl duration
        maximum age to keep DHW last-known state during cache-sourced/transient failures (default 15m0s)
  -semantic-discovery-interval duration
        semantic discovery polling interval (default 10m0s)
  -semantic-energy-interval duration
        semantic energy polling interval (default 5m0s)
  -semantic-interval value
        DEPRECATED: semantic state polling interval
  -semantic-prometheus-evse-enabled
        append detached EVSE SemReg metrics when an EVSE semantic runtime is configured
  -semantic-read-breaker-failure-budget value
        semantic read breaker consecutive failure budget (<=0 disables)
  -semantic-read-breaker-half-open-probe-limit int
        semantic read breaker half-open probes per cooldown window (default 1)
  -semantic-read-breaker-open-cooldown duration
        semantic read breaker open-state cooldown before probe (default 15s)
  -semantic-regulator-absence-grace duration
        grace window before WARN_NO_REGULATOR after regulator disappears (default 5m0s)
  -semantic-regulator-recheck-interval duration
        regulator capability re-evaluation interval (default 1m0s)
  -semantic-request-timeout duration
        semantic per-request timeout (default 2s)
  -semantic-state-interval duration
        semantic state polling interval (default 1m0s)
  -semantic-zone-presence-hit-threshold int
        consecutive discovery hits required before an absent zone is marked present (default 2)
  -semantic-zone-presence-miss-threshold int
        consecutive discovery misses required before a zone is marked absent (default 3)
  -snapshot-path string
        projection snapshot endpoint path (default "/snapshot")
  -source-addr value
        source address for scans/semantic reads (e.g. 0xf0, 0x00, or auto)
  -startup-probe-targets value
        comma-separated explicit startup directed-probe targets (e.g. 0x08,0x15)
  -startup-source-override value
        override source address for source-selection-capable direct transports (e.g. 0xf0)
  -startup-source-override-validate
        run source-address selector in advisory-only mode alongside startup-source-override
  -subscription-path string
        graphql subscriptions path (default "/graphql/subscriptions")
  -synchronized-evidence-one-shot-enabled
        enable the fixed owner-only synchronized evidence one-shot control
  -tesla-gen3-hsc-asset-id string
        stable Tesla WC3 semantic asset identity
  -tesla-gen3-hsc-clock-epoch string
        Tesla WC3 retained monotonic clock epoch
  -tesla-gen3-hsc-connector-id string
        Tesla WC3 connector semantic dimension identity
  -tesla-gen3-hsc-driver-generation uint
        Tesla WC3 retained driver generation
  -tesla-gen3-hsc-endpoint-id string
        public Tesla HSC endpoint identity
  -tesla-gen3-hsc-evse-id string
        Tesla WC3 EVSE semantic dimension identity
  -tesla-gen3-hsc-node value
        Tesla WC3 unicast Modbus node
  -tesla-gen3-hsc-profile string
        exact Tesla WC3 retained operation profile
  -tesla-gen3-hsc-retained-enabled
        enable the non-send Tesla Gen3 HSC completed-outcome owner
  -tesla-gen3-hsc-source-epoch string
        Tesla WC3 retained source epoch
  -tesla-gen3-hsc-source-id string
        stable Tesla WC3 native source identity
  -transport string
        transport protocol: enh, ens, udp-plain, tcp-plain, or ebusd-tcp (default "enh")
  -ui-path string
        portal ui path (default "/ui")
  -write-timeout duration
        transport write timeout (default 5s)
2026/09/15 19:21:07 INFO runtime_state: file absent, starting empty path=/data/runtime_state.json
2026/09/15 19:21:07 WARN runtime_state: persist failed; keeping dirty for retry error="open /data/runtime_state.json.tmp: no such file or directory"
2026/09/15 19:21:07 runtime_state: startup metadata persist failed (continuing): open /data/runtime_state.json.tmp: no such file or directory
2026/09/15 19:21:07 eBUS driver unavailable; continuing state=STARTING reason=START_REQUESTED
2026/09/15 19:21:07 startup source selection candidate source=0xF0 companion_target=0xF5 provenance=configured_source
2026/09/15 19:21:07 startup scan pass
2026/09/15 19:21:07 startup_directed_probe_phase begin source=0xF0 provenance=source_selection
2026/09/15 19:21:07 WARN runtime_state: persist failed; keeping dirty for retry error="open /data/runtime_state.json.tmp: no such file or directory"
2026/09/15 19:21:07 INFO runtime_state: file absent, starting empty path=/data/runtime_state.json
2026/09/15 19:21:07 WARN runtime_state: persist failed; keeping dirty for retry error="open /data/runtime_state.json.tmp: no such file or directory"
2026/09/15 19:21:07 runtime_state: startup metadata persist failed (continuing): open /data/runtime_state.json.tmp: no such file or directory
2026/09/15 19:21:07 eBUS driver unavailable; continuing state=STARTING reason=START_REQUESTED
2026/09/15 19:21:07 startup source selection candidate source=0xF0 companion_target=0xF5 provenance=configured_source
2026/09/15 19:21:07 startup scan pass
2026/09/15 19:21:07 startup_directed_probe_phase begin source=0xF0 provenance=source_selection
2026/09/15 19:21:07 WARN runtime_state: persist failed; keeping dirty for retry error="open /data/runtime_state.json.tmp: no such file or directory"
2026/09/15 19:21:08 INFO runtime_state: file absent, starting empty path=/data/runtime_state.json
2026/09/15 19:21:08 WARN runtime_state: persist failed; keeping dirty for retry error="open /data/runtime_state.json.tmp: no such file or directory"
2026/09/15 19:21:08 runtime_state: startup metadata persist failed (continuing): open /data/runtime_state.json.tmp: no such file or directory
2026/09/15 19:21:08 eBUS driver unavailable; continuing state=STARTING reason=START_REQUESTED
2026/09/15 19:21:08 startup source selection candidate source=0x7F companion_target=0x84 provenance=source_selection_default_policy
2026/09/15 19:21:08 startup scan pass
2026/09/15 19:21:08 startup_directed_probe_phase begin source=0x7F provenance=source_selection
2026/09/15 19:21:08 WARN runtime_state: persist failed; keeping dirty for retry error="open /data/runtime_state.json.tmp: no such file or directory"
2026/09/15 19:21:08 INFO runtime_state: file absent, starting empty path=/data/runtime_state.json
2026/09/15 19:21:08 WARN runtime_state: persist failed; keeping dirty for retry error="open /data/runtime_state.json.tmp: no such file or directory"
2026/09/15 19:21:08 runtime_state: startup metadata persist failed (continuing): open /data/runtime_state.json.tmp: no such file or directory
2026/09/15 19:21:08 eBUS driver unavailable; continuing state=STARTING reason=START_REQUESTED
2026/09/15 19:21:08 startup source selection candidate source=0x7F companion_target=0x84 provenance=source_selection_default_policy
2026/09/15 19:21:08 startup scan pass
2026/09/15 19:21:08 startup_directed_probe_phase begin source=0x7F provenance=source_selection
2026/09/15 19:21:08 WARN runtime_state: persist failed; keeping dirty for retry error="open /data/runtime_state.json.tmp: no such file or directory"
2026/09/15 19:21:08 INFO runtime_state: file absent, starting empty path=/data/runtime_state.json
2026/09/15 19:21:08 WARN runtime_state: persist failed; keeping dirty for retry error="open /data/runtime_state.json.tmp: no such file or directory"
2026/09/15 19:21:08 runtime_state: startup metadata persist failed (continuing): open /data/runtime_state.json.tmp: no such file or directory
2026/09/15 19:21:08 eBUS driver unavailable; continuing state=STARTING reason=START_REQUESTED
2026/09/15 19:21:08 startup source selection candidate source=0xF0 companion_target=0xF5 provenance=configured_source
2026/09/15 19:21:08 startup scan pass
2026/09/15 19:21:08 startup_directed_probe_phase begin source=0xF0 provenance=source_selection
2026/09/15 19:21:08 WARN runtime_state: persist failed; keeping dirty for retry error="open /data/runtime_state.json.tmp: no such file or directory"
2026/09/15 19:21:08 INFO runtime_state: file absent, starting empty path=/data/runtime_state.json
2026/09/15 19:21:08 WARN runtime_state: persist failed; keeping dirty for retry error="open /data/runtime_state.json.tmp: no such file or directory"
2026/09/15 19:21:08 runtime_state: startup metadata persist failed (continuing): open /data/runtime_state.json.tmp: no such file or directory
2026/09/15 19:21:08 eBUS driver unavailable; continuing state=STARTING reason=START_REQUESTED
2026/09/15 19:21:08 passive reconstructor started
2026/09/15 19:21:08 source address selection warmup begin
2026/09/15 19:21:08 startup source selection degraded reason=source_selection_failed err=ebus: source address bus observation listen failed: source address selection: subscribe: passive reconstructor closed: ebus: transport connection closed
2026/09/15 19:21:08 startup scan pass
2026/09/15 19:21:08 startup_directed_probe_phase begin source=0xF0 provenance=configured
2026/09/15 19:21:08 WARN runtime_state: persist failed; keeping dirty for retry error="open /data/runtime_state.json.tmp: no such file or directory"
2026/09/15 19:21:08 INFO runtime_state: file absent, starting empty path=/data/runtime_state.json
2026/09/15 19:21:08 WARN runtime_state: persist failed; keeping dirty for retry error="open /data/runtime_state.json.tmp: no such file or directory"
2026/09/15 19:21:08 runtime_state: startup metadata persist failed (continuing): open /data/runtime_state.json.tmp: no such file or directory
2026/09/15 19:21:08 eBUS driver unavailable; continuing state=STARTING reason=START_REQUESTED
2026/09/15 19:21:08 startup source selection explicit_validate_only source=0x7F confidence=low
2026/09/15 19:21:08 startup scan pass
2026/09/15 19:21:08 startup_directed_probe_phase begin source=0x7F provenance=explicit_validate_only
2026/09/15 19:21:08 WARN runtime_state: persist failed; keeping dirty for retry error="open /data/runtime_state.json.tmp: no such file or directory"
2026/09/15 19:21:08 INFO runtime_state: file absent, starting empty path=/data/runtime_state.json
2026/09/15 19:21:08 WARN runtime_state: persist failed; keeping dirty for retry error="open /data/runtime_state.json.tmp: no such file or directory"
2026/09/15 19:21:08 runtime_state: startup metadata persist failed (continuing): open /data/runtime_state.json.tmp: no such file or directory
2026/09/15 19:21:08 eBUS driver unavailable; continuing state=STARTING reason=START_REQUESTED
2026/09/15 19:21:08 startup scan pass
2026/09/15 19:21:08 startup_directed_probe_phase begin source=0xF0 provenance=configured
2026/09/15 19:21:08 WARN runtime_state: persist failed; keeping dirty for retry error="open /data/runtime_state.json.tmp: no such file or directory"
2026/09/15 19:21:08 INFO runtime_state: file absent, starting empty path=/data/runtime_state.json
2026/09/15 19:21:08 WARN runtime_state: persist failed; keeping dirty for retry error="open /data/runtime_state.json.tmp: no such file or directory"
2026/09/15 19:21:08 runtime_state: startup metadata persist failed (continuing): open /data/runtime_state.json.tmp: no such file or directory
2026/09/15 19:21:08 eBUS driver unavailable; continuing state=STARTING reason=START_REQUESTED
2026/09/15 19:21:08 passive reconstructor started
2026/09/15 19:21:08 source address selection warmup begin
2026/09/15 19:21:08 startup source selection degraded reason=source_selection_failed err=ebus: source address bus observation listen failed: source address selection: subscribe: passive reconstructor closed: ebus: transport connection closed
2026/09/15 19:21:08 semantic_cache_miss path="./semantic_cache.json"
2026/09/15 19:21:08 startup scan pass
2026/09/15 19:21:08 startup_directed_probe_phase begin source=0xF0 provenance=configured
2026/09/15 19:21:08 WARN runtime_state: persist failed; keeping dirty for retry error="open /data/runtime_state.json.tmp: no such file or directory"
invalid value "not-a-guid" for flag -instance-guid: invalid instance-guid "not-a-guid"
Usage of gateway-test:
  -address string
        transport address (unix socket path or host:port) (default "/var/run/ebusd/ebusd.socket")
  -boot-live-timeout duration
        semantic startup timeout before entering degraded mode (default 2m0s)
  -broadcast
        enable broadcast listener (separate connection)
  -diagnostic-full-range-retry
        allow full-range retry on non-ebusd-tcp transports after a Vaillant root candidate is observed
  -dial-timeout duration
        transport dial timeout (default 5s)
  -dump-include-pii
        include identifiers in unknown device dumps
  -dump-output-dir string
        unknown device dump output dir (default "./dumps")
  -dump-upload-path string
        register dump upload endpoint path
  -dump-upload-url string
        unknown device dump upload url (internal)
  -eebus-certificate-path value
        eeBUS certificate file path
  -eebus-discovery-enabled
        enable eeBUS discovery
  -eebus-enabled
        record intent to activate the eeBUS runtime sidecar (M5A does not start it)
  -eebus-interfaces value
        comma-separated explicit eeBUS network interfaces
  -eebus-listen-port value
        eeBUS SHIP listen port (0 remains unconfigured)
  -eebus-pairing-window-mode value
        eeBUS pairing-window mode (M5A: closed only)
  -eebus-private-key-path value
        eeBUS private-key file path
  -eebus-remote-ski-allowlist value
        comma-separated remote eeBUS SKI allowlist
  -eebus-state-root value
        eeBUS runtime state root
  -eebus-subnets value
        comma-separated explicit eeBUS network prefixes
  -eebus-trust-store-path value
        eeBUS trust-store file path
  -enable-static-seed-table
        plant productids static seed entries (NETX3 0xF1 / 0xF6 / 0x04 / 0xFF, BASV2 0x15 / 0xEC) into registry at startup; default false
  -external-write-policy value
        externally observed write policy: invalidate_only, record_only, or record_and_invalidate
  -graphql-path string
        graphql endpoint path (default "/graphql")
  -growatt-bms-rs485-asset-id string
        explicit non-secret stable Growatt BMS semantic asset identity
  -growatt-bms-rs485-baud value
        Growatt BMS RS-485 baud
  -growatt-bms-rs485-driver-generation uint
        explicit Growatt BMS driver generation
  -growatt-bms-rs485-enabled
        enable the exact read-only Growatt BMS RS-485 V2.02 observer
  -growatt-bms-rs485-max-quiescence duration
        Growatt BMS RTU recovery quiescence bound
  -growatt-bms-rs485-max-response-delay duration
        Growatt BMS maximum RTU response delay
  -growatt-bms-rs485-parity string
        Growatt BMS RS-485 parity: none, even, or odd
  -growatt-bms-rs485-response-timeout duration
        Growatt BMS RTU response timeout
  -growatt-bms-rs485-serial-path string
        configured Growatt BMS RS-485 serial path
  -growatt-bms-rs485-source-epoch string
        explicit Growatt BMS source epoch
  -growatt-bms-rs485-source-id string
        explicit non-secret Growatt BMS source identity
  -growatt-bms-rs485-stop-bits value
        Growatt BMS RS-485 stop bits
  -growatt-bms-rs485-unit-id value
        Growatt BMS unicast Modbus unit ID
  -http-addr string
        http listen address (empty disables) (default ":8080")
  -instance-guid value
        stable gateway instance UUIDv4 (lowercase)
  -instance-guid-source string
        AD27 provenance tag for -instance-guid (runtime_state | legacy_migrated | generated | cli-override); empty defaults to cli-override with a deprecation log when -instance-guid is provided
  -m2m-graphql-allowed-assets value
        comma-separated opaque asset allowlist
  -m2m-graphql-client-ca string
        client CA file for the dedicated M2M GraphQL listener
  -m2m-graphql-denied-principals value
        comma-separated SHA-256 client certificate fingerprints
  -m2m-graphql-listen string
        dedicated M2M GraphQL TLS listen address
  -m2m-graphql-server-cert string
        server certificate file for the dedicated M2M GraphQL listener
  -m2m-graphql-server-key string
        server private-key file for the dedicated M2M GraphQL listener
  -m2m-graphql-server-name string
        dedicated M2M GraphQL server certificate identity
  -mcp-path string
        mcp endpoint path (default "/mcp")
  -mdns
        advertise graphql endpoint via mdns (default true)
  -mdns-instance string
        mdns instance name (default "helianthus")
  -modbus-tcp-dial-timeout duration
        Modbus TCP dial timeout
  -modbus-tcp-enabled
        enable the read-only Modbus TCP sidecar
  -modbus-tcp-endpoint string
        Modbus TCP endpoint URI (tcp://host:port)
  -modbus-tcp-endpoint-file string
        path to an owner-only file containing the Modbus TCP endpoint URI
  -network string
        transport network: unix, tcp, or udp (default "unix")
  -observe-first-enabled
        enable observe-first runtime behavior gates
  -passive-config-direct-apply
        allow passive config direct-apply when state direct-apply is enabled
  -passive-state-direct-apply
        allow passive state direct-apply when observe-first is enabled (default true)
  -phantom-initiator-reject-bytes string
        comma-separated hex bytes treated as phantom AND-collision artifacts (e.g. 0x71,0xFD); empty disables filtering. Default 0x71 covers the gateway=0x7F & initiator=0xF1 collision case observed on the live HA bus. Operators on different buses should set this explicitly. (default "0x71")
  -portal-modbus-raw-read-enabled
        enable Portal raw Modbus diagnostics
  -portal-path string
        dynamic portal path (default "/portal")
  -portal-pv-asset-ref string
        fixed SemReg PV asset reference for Portal PV
  -portal-pv-m2m-ca string
        M2M GraphQL CA file for Portal PV
  -portal-pv-m2m-client-cert string
        M2M GraphQL client certificate for Portal PV
  -portal-pv-m2m-client-key string
        M2M GraphQL client private key for Portal PV
  -portal-pv-m2m-server-name string
        dedicated M2M GraphQL certificate identity for Portal PV
  -portal-pv-m2m-url string
        dedicated M2M GraphQL URL for Portal PV
  -portal-pv-semantic-enabled
        enable Portal PV semantic BFF
  -portal-storage-asset-ref string
        fixed SemReg storage asset reference for Portal storage
  -portal-storage-m2m-ca string
        M2M GraphQL CA file for Portal storage
  -portal-storage-m2m-client-cert string
        M2M GraphQL client certificate for Portal storage
  -portal-storage-m2m-client-key string
        M2M GraphQL client private key for Portal storage
  -portal-storage-m2m-server-name string
        dedicated M2M GraphQL certificate identity for Portal storage
  -portal-storage-m2m-url string
        dedicated M2M GraphQL URL for Portal storage
  -portal-storage-semantic-enabled
        enable Portal storage semantic BFF
  -proxy-listen string
        TCP listen address for ENH proxy clients (e.g. :19001, empty disables)
  -queue-capacity int
        bus queue capacity (0 uses protocol default)
  -read-timeout duration
        transport read timeout (default 5s)
  -runtime-state-path string
        override /data/runtime_state.json path (empty uses runtimestate package default)
  -scan
        scan bus on startup (default true)
  -scan-interval duration
        startup scan retry interval (when scan finds 0 devices) (default 30s)
  -scan-request-timeout duration
        startup scan per-request timeout (default 400ms)
  -scan-timeout duration
        startup scan timeout (default 3m0s)
  -semantic-cache-path string
        semantic cache file path for startup preload and live persistence (default "./semantic_cache.json")
  -semantic-config-interval duration
        semantic config polling interval (default 5m0s)
  -semantic-dhw-stale-ttl duration
        maximum age to keep DHW last-known state during cache-sourced/transient failures (default 15m0s)
  -semantic-discovery-interval duration
        semantic discovery polling interval (default 10m0s)
  -semantic-energy-interval duration
        semantic energy polling interval (default 5m0s)
  -semantic-interval value
        DEPRECATED: semantic state polling interval
  -semantic-prometheus-evse-enabled
        append detached EVSE SemReg metrics when an EVSE semantic runtime is configured
  -semantic-read-breaker-failure-budget value
        semantic read breaker consecutive failure budget (<=0 disables)
  -semantic-read-breaker-half-open-probe-limit int
        semantic read breaker half-open probes per cooldown window (default 1)
  -semantic-read-breaker-open-cooldown duration
        semantic read breaker open-state cooldown before probe (default 15s)
  -semantic-regulator-absence-grace duration
        grace window before WARN_NO_REGULATOR after regulator disappears (default 5m0s)
  -semantic-regulator-recheck-interval duration
        regulator capability re-evaluation interval (default 1m0s)
  -semantic-request-timeout duration
        semantic per-request timeout (default 2s)
  -semantic-state-interval duration
        semantic state polling interval (default 1m0s)
  -semantic-zone-presence-hit-threshold int
        consecutive discovery hits required before an absent zone is marked present (default 2)
  -semantic-zone-presence-miss-threshold int
        consecutive discovery misses required before a zone is marked absent (default 3)
  -snapshot-path string
        projection snapshot endpoint path (default "/snapshot")
  -source-addr value
        source address for scans/semantic reads (e.g. 0xf0, 0x00, or auto)
  -startup-probe-targets value
        comma-separated explicit startup directed-probe targets (e.g. 0x08,0x15)
  -startup-source-override value
        override source address for source-selection-capable direct transports (e.g. 0xf0)
  -startup-source-override-validate
        run source-address selector in advisory-only mode alongside startup-source-override
  -subscription-path string
        graphql subscriptions path (default "/graphql/subscriptions")
  -synchronized-evidence-one-shot-enabled
        enable the fixed owner-only synchronized evidence one-shot control
  -tesla-gen3-hsc-asset-id string
        stable Tesla WC3 semantic asset identity
  -tesla-gen3-hsc-clock-epoch string
        Tesla WC3 retained monotonic clock epoch
  -tesla-gen3-hsc-connector-id string
        Tesla WC3 connector semantic dimension identity
  -tesla-gen3-hsc-driver-generation uint
        Tesla WC3 retained driver generation
  -tesla-gen3-hsc-endpoint-id string
        public Tesla HSC endpoint identity
  -tesla-gen3-hsc-evse-id string
        Tesla WC3 EVSE semantic dimension identity
  -tesla-gen3-hsc-node value
        Tesla WC3 unicast Modbus node
  -tesla-gen3-hsc-profile string
        exact Tesla WC3 retained operation profile
  -tesla-gen3-hsc-retained-enabled
        enable the non-send Tesla Gen3 HSC completed-outcome owner
  -tesla-gen3-hsc-source-epoch string
        Tesla WC3 retained source epoch
  -tesla-gen3-hsc-source-id string
        stable Tesla WC3 native source identity
  -transport string
        transport protocol: enh, ens, udp-plain, tcp-plain, or ebusd-tcp (default "enh")
  -ui-path string
        portal ui path (default "/ui")
  -write-timeout duration
        transport write timeout (default 5s)
invalid value "unsafe" for flag -external-write-policy: invalid external-write-policy "unsafe"
Usage of gateway-test:
  -address string
        transport address (unix socket path or host:port) (default "/var/run/ebusd/ebusd.socket")
  -boot-live-timeout duration
        semantic startup timeout before entering degraded mode (default 2m0s)
  -broadcast
        enable broadcast listener (separate connection)
  -diagnostic-full-range-retry
        allow full-range retry on non-ebusd-tcp transports after a Vaillant root candidate is observed
  -dial-timeout duration
        transport dial timeout (default 5s)
  -dump-include-pii
        include identifiers in unknown device dumps
  -dump-output-dir string
        unknown device dump output dir (default "./dumps")
  -dump-upload-path string
        register dump upload endpoint path
  -dump-upload-url string
        unknown device dump upload url (internal)
  -eebus-certificate-path value
        eeBUS certificate file path
  -eebus-discovery-enabled
        enable eeBUS discovery
  -eebus-enabled
        record intent to activate the eeBUS runtime sidecar (M5A does not start it)
  -eebus-interfaces value
        comma-separated explicit eeBUS network interfaces
  -eebus-listen-port value
        eeBUS SHIP listen port (0 remains unconfigured)
  -eebus-pairing-window-mode value
        eeBUS pairing-window mode (M5A: closed only)
  -eebus-private-key-path value
        eeBUS private-key file path
  -eebus-remote-ski-allowlist value
        comma-separated remote eeBUS SKI allowlist
  -eebus-state-root value
        eeBUS runtime state root
  -eebus-subnets value
        comma-separated explicit eeBUS network prefixes
  -eebus-trust-store-path value
        eeBUS trust-store file path
  -enable-static-seed-table
        plant productids static seed entries (NETX3 0xF1 / 0xF6 / 0x04 / 0xFF, BASV2 0x15 / 0xEC) into registry at startup; default false
  -external-write-policy value
        externally observed write policy: invalidate_only, record_only, or record_and_invalidate
  -graphql-path string
        graphql endpoint path (default "/graphql")
  -growatt-bms-rs485-asset-id string
        explicit non-secret stable Growatt BMS semantic asset identity
  -growatt-bms-rs485-baud value
        Growatt BMS RS-485 baud
  -growatt-bms-rs485-driver-generation uint
        explicit Growatt BMS driver generation
  -growatt-bms-rs485-enabled
        enable the exact read-only Growatt BMS RS-485 V2.02 observer
  -growatt-bms-rs485-max-quiescence duration
        Growatt BMS RTU recovery quiescence bound
  -growatt-bms-rs485-max-response-delay duration
        Growatt BMS maximum RTU response delay
  -growatt-bms-rs485-parity string
        Growatt BMS RS-485 parity: none, even, or odd
  -growatt-bms-rs485-response-timeout duration
        Growatt BMS RTU response timeout
  -growatt-bms-rs485-serial-path string
        configured Growatt BMS RS-485 serial path
  -growatt-bms-rs485-source-epoch string
        explicit Growatt BMS source epoch
  -growatt-bms-rs485-source-id string
        explicit non-secret Growatt BMS source identity
  -growatt-bms-rs485-stop-bits value
        Growatt BMS RS-485 stop bits
  -growatt-bms-rs485-unit-id value
        Growatt BMS unicast Modbus unit ID
  -http-addr string
        http listen address (empty disables) (default ":8080")
  -instance-guid value
        stable gateway instance UUIDv4 (lowercase)
  -instance-guid-source string
        AD27 provenance tag for -instance-guid (runtime_state | legacy_migrated | generated | cli-override); empty defaults to cli-override with a deprecation log when -instance-guid is provided
  -m2m-graphql-allowed-assets value
        comma-separated opaque asset allowlist
  -m2m-graphql-client-ca string
        client CA file for the dedicated M2M GraphQL listener
  -m2m-graphql-denied-principals value
        comma-separated SHA-256 client certificate fingerprints
  -m2m-graphql-listen string
        dedicated M2M GraphQL TLS listen address
  -m2m-graphql-server-cert string
        server certificate file for the dedicated M2M GraphQL listener
  -m2m-graphql-server-key string
        server private-key file for the dedicated M2M GraphQL listener
  -m2m-graphql-server-name string
        dedicated M2M GraphQL server certificate identity
  -mcp-path string
        mcp endpoint path (default "/mcp")
  -mdns
        advertise graphql endpoint via mdns (default true)
  -mdns-instance string
        mdns instance name (default "helianthus")
  -modbus-tcp-dial-timeout duration
        Modbus TCP dial timeout
  -modbus-tcp-enabled
        enable the read-only Modbus TCP sidecar
  -modbus-tcp-endpoint string
        Modbus TCP endpoint URI (tcp://host:port)
  -modbus-tcp-endpoint-file string
        path to an owner-only file containing the Modbus TCP endpoint URI
  -network string
        transport network: unix, tcp, or udp (default "unix")
  -observe-first-enabled
        enable observe-first runtime behavior gates
  -passive-config-direct-apply
        allow passive config direct-apply when state direct-apply is enabled
  -passive-state-direct-apply
        allow passive state direct-apply when observe-first is enabled (default true)
  -phantom-initiator-reject-bytes string
        comma-separated hex bytes treated as phantom AND-collision artifacts (e.g. 0x71,0xFD); empty disables filtering. Default 0x71 covers the gateway=0x7F & initiator=0xF1 collision case observed on the live HA bus. Operators on different buses should set this explicitly. (default "0x71")
  -portal-modbus-raw-read-enabled
        enable Portal raw Modbus diagnostics
  -portal-path string
        dynamic portal path (default "/portal")
  -portal-pv-asset-ref string
        fixed SemReg PV asset reference for Portal PV
  -portal-pv-m2m-ca string
        M2M GraphQL CA file for Portal PV
  -portal-pv-m2m-client-cert string
        M2M GraphQL client certificate for Portal PV
  -portal-pv-m2m-client-key string
        M2M GraphQL client private key for Portal PV
  -portal-pv-m2m-server-name string
        dedicated M2M GraphQL certificate identity for Portal PV
  -portal-pv-m2m-url string
        dedicated M2M GraphQL URL for Portal PV
  -portal-pv-semantic-enabled
        enable Portal PV semantic BFF
  -portal-storage-asset-ref string
        fixed SemReg storage asset reference for Portal storage
  -portal-storage-m2m-ca string
        M2M GraphQL CA file for Portal storage
  -portal-storage-m2m-client-cert string
        M2M GraphQL client certificate for Portal storage
  -portal-storage-m2m-client-key string
        M2M GraphQL client private key for Portal storage
  -portal-storage-m2m-server-name string
        dedicated M2M GraphQL certificate identity for Portal storage
  -portal-storage-m2m-url string
        dedicated M2M GraphQL URL for Portal storage
  -portal-storage-semantic-enabled
        enable Portal storage semantic BFF
  -proxy-listen string
        TCP listen address for ENH proxy clients (e.g. :19001, empty disables)
  -queue-capacity int
        bus queue capacity (0 uses protocol default)
  -read-timeout duration
        transport read timeout (default 5s)
  -runtime-state-path string
        override /data/runtime_state.json path (empty uses runtimestate package default)
  -scan
        scan bus on startup (default true)
  -scan-interval duration
        startup scan retry interval (when scan finds 0 devices) (default 30s)
  -scan-request-timeout duration
        startup scan per-request timeout (default 400ms)
  -scan-timeout duration
        startup scan timeout (default 3m0s)
  -semantic-cache-path string
        semantic cache file path for startup preload and live persistence (default "./semantic_cache.json")
  -semantic-config-interval duration
        semantic config polling interval (default 5m0s)
  -semantic-dhw-stale-ttl duration
        maximum age to keep DHW last-known state during cache-sourced/transient failures (default 15m0s)
  -semantic-discovery-interval duration
        semantic discovery polling interval (default 10m0s)
  -semantic-energy-interval duration
        semantic energy polling interval (default 5m0s)
  -semantic-interval value
        DEPRECATED: semantic state polling interval
  -semantic-prometheus-evse-enabled
        append detached EVSE SemReg metrics when an EVSE semantic runtime is configured
  -semantic-read-breaker-failure-budget value
        semantic read breaker consecutive failure budget (<=0 disables)
  -semantic-read-breaker-half-open-probe-limit int
        semantic read breaker half-open probes per cooldown window (default 1)
  -semantic-read-breaker-open-cooldown duration
        semantic read breaker open-state cooldown before probe (default 15s)
  -semantic-regulator-absence-grace duration
        grace window before WARN_NO_REGULATOR after regulator disappears (default 5m0s)
  -semantic-regulator-recheck-interval duration
        regulator capability re-evaluation interval (default 1m0s)
  -semantic-request-timeout duration
        semantic per-request timeout (default 2s)
  -semantic-state-interval duration
        semantic state polling interval (default 1m0s)
  -semantic-zone-presence-hit-threshold int
        consecutive discovery hits required before an absent zone is marked present (default 2)
  -semantic-zone-presence-miss-threshold int
        consecutive discovery misses required before a zone is marked absent (default 3)
  -snapshot-path string
        projection snapshot endpoint path (default "/snapshot")
  -source-addr value
        source address for scans/semantic reads (e.g. 0xf0, 0x00, or auto)
  -startup-probe-targets value
        comma-separated explicit startup directed-probe targets (e.g. 0x08,0x15)
  -startup-source-override value
        override source address for source-selection-capable direct transports (e.g. 0xf0)
  -startup-source-override-validate
        run source-address selector in advisory-only mode alongside startup-source-override
  -subscription-path string
        graphql subscriptions path (default "/graphql/subscriptions")
  -synchronized-evidence-one-shot-enabled
        enable the fixed owner-only synchronized evidence one-shot control
  -tesla-gen3-hsc-asset-id string
        stable Tesla WC3 semantic asset identity
  -tesla-gen3-hsc-clock-epoch string
        Tesla WC3 retained monotonic clock epoch
  -tesla-gen3-hsc-connector-id string
        Tesla WC3 connector semantic dimension identity
  -tesla-gen3-hsc-driver-generation uint
        Tesla WC3 retained driver generation
  -tesla-gen3-hsc-endpoint-id string
        public Tesla HSC endpoint identity
  -tesla-gen3-hsc-evse-id string
        Tesla WC3 EVSE semantic dimension identity
  -tesla-gen3-hsc-node value
        Tesla WC3 unicast Modbus node
  -tesla-gen3-hsc-profile string
        exact Tesla WC3 retained operation profile
  -tesla-gen3-hsc-retained-enabled
        enable the non-send Tesla Gen3 HSC completed-outcome owner
  -tesla-gen3-hsc-source-epoch string
        Tesla WC3 retained source epoch
  -tesla-gen3-hsc-source-id string
        stable Tesla WC3 native source identity
  -transport string
        transport protocol: enh, ens, udp-plain, tcp-plain, or ebusd-tcp (default "enh")
  -ui-path string
        portal ui path (default "/ui")
  -write-timeout duration
        transport write timeout (default 5s)
2026/09/15 19:21:09 eeBUS operator boundary unavailable reason=operator_runtime
2026/09/15 19:21:09 eeBUS runtime unavailable; continuing without eeBUS reason=startup
2026/09/15 19:21:09 modbus sunspec live smoke decision=STOP outcome=error category=poll_error attempts=1 recovered=false
2026/09/15 19:21:09 INFO runtime_state: file absent, starting empty path=[temp]/TestRunKeepsEEBusFailureNonfatalAndClosesModbusSidecarOnce3693729425/001/runtime-state.json
2026/09/15 19:21:09 eBUS driver unavailable; continuing state=STARTING reason=START_REQUESTED
2026/09/15 19:21:09 INFO runtime_state: file absent, starting empty path=[temp]/TestRunKeepsAdapterDirectConfigFailureDriverLocal894540407/001/runtime-state.json
2026/09/15 19:21:09 modbus sunspec live smoke decision=STOP outcome=error category=poll_error attempts=1 recovered=false
2026/09/15 19:21:09 eBUS driver unavailable; continuing state=STARTING reason=START_REQUESTED
2026/09/15 19:21:09 startup source selection: adapter-direct multiplexer detected; treating as source-selection-capable (underlying transport is always ENH/ENS)
2026/09/15 19:21:09 startup source selection candidate source=0xF0 companion_target=0xF5 provenance=configured_source
2026/09/15 19:21:09 startup scan pass
2026/09/15 19:21:09 startup_directed_probe_phase begin source=0xF0 provenance=source_selection
2026/09/15 19:21:09 semantic_zone_presence_transition instance=1 from=ABSENT to=SUSPECT_RESURRECT hit_streak=1 miss_streak=0 zone_count=0
2026/09/15 19:21:09 semantic_regulator_capability capability=ControllerNone
2026/09/15 19:21:09 semantic_regulator_transition from=PRESENT to=ABSENCE_GRACE capability=ControllerNone
2026/09/15 19:21:09 semantic_regulator_absence state=ABSENCE_GRACE capability=ControllerNone
2026/09/15 19:21:09 semantic_regulator_recheck inventory_change prev=2 curr=1
2026/09/15 19:21:09 semantic_b524_root: gateway.discoverB524Root: no coherent responder among [0x15, 0x08, 0x26]
2026/09/15 19:21:09 semantic_dhw_expired ttl=10m0s age=11m0s last_update_utc=2026-02-26T11:49:00Z
2026/09/15 19:21:10 semantic_startup_phase_transition from=BOOT_INIT to=LIVE_WARMUP reason="zones_live_update" cache_epoch=0 live_epoch=1
2026/09/15 19:21:10 semantic_startup_phase_transition from=LIVE_WARMUP to=LIVE_READY reason="dhw_live_update" cache_epoch=0 live_epoch=2
2026/09/15 19:21:10 semantic_b524_root: gateway.discoverB524Root: no coherent responder among [0x15, 0x08, 0x26]
2026/09/15 19:21:10 semantic_controller_discovery address=0x00 source=no_coherent_responder
2026/09/15 19:21:10 semantic_startup_phase_transition from=BOOT_INIT to=CACHE_LOADED_STALE reason="radio_devices_cache_update" cache_epoch=1 live_epoch=0
2026/09/15 19:21:11 semantic_startup_phase_transition from=BOOT_INIT to=LIVE_WARMUP reason="radio_devices_live_update" cache_epoch=0 live_epoch=1
2026/09/15 19:21:11 semantic_startup_phase_transition from=BOOT_INIT to=LIVE_WARMUP reason="radio_devices_live_update" cache_epoch=0 live_epoch=1
2026/09/15 19:21:12 semantic_startup_phase_transition from=BOOT_INIT to=LIVE_WARMUP reason="radio_devices_live_update" cache_epoch=0 live_epoch=1
2026/09/15 19:21:13 semantic_startup_phase_transition from=BOOT_INIT to=LIVE_WARMUP reason="radio_devices_live_update" cache_epoch=0 live_epoch=1
2026/09/15 19:21:17 semantic_startup_phase_transition from=BOOT_INIT to=LIVE_WARMUP reason="radio_devices_live_update" cache_epoch=0 live_epoch=1
2026/09/15 19:21:19 semantic_startup_phase_transition from=BOOT_INIT to=LIVE_WARMUP reason="radio_devices_live_update" cache_epoch=0 live_epoch=1
2026/09/15 19:21:19 semantic_startup_phase_transition from=BOOT_INIT to=LIVE_WARMUP reason="radio_devices_live_update" cache_epoch=0 live_epoch=1
2026/09/15 19:21:19 semantic_startup_phase_transition from=BOOT_INIT to=LIVE_WARMUP reason="radio_devices_live_update" cache_epoch=0 live_epoch=1
2026/09/15 19:21:19 semantic_startup_phase_transition from=BOOT_INIT to=LIVE_WARMUP reason="radio_devices_live_update" cache_epoch=0 live_epoch=1
2026/09/15 19:21:19 semantic_startup_phase_transition from=LIVE_WARMUP to=LIVE_READY reason="zones_live_update" cache_epoch=0 live_epoch=2
2026/09/15 19:21:22 semantic_startup_phase_transition from=BOOT_INIT to=LIVE_WARMUP reason="radio_devices_live_update" cache_epoch=0 live_epoch=1
2026/09/15 19:21:22 semantic_startup_phase_transition from=BOOT_INIT to=LIVE_WARMUP reason="radio_devices_live_update" cache_epoch=0 live_epoch=1
2026/09/15 19:21:24 semantic_startup_phase_transition from=BOOT_INIT to=LIVE_WARMUP reason="radio_devices_live_update" cache_epoch=0 live_epoch=1
2026/09/15 19:21:24 semantic_startup_phase_transition from=BOOT_INIT to=LIVE_WARMUP reason="radio_devices_live_update" cache_epoch=0 live_epoch=1
2026/09/15 19:21:24 semantic_address_identity_probe address=0x26 status=ok
2026/09/15 19:21:24 semantic_startup_phase_transition from=BOOT_INIT to=LIVE_WARMUP reason="radio_devices_live_update" cache_epoch=0 live_epoch=1
2026/09/15 19:21:24 semantic_startup_phase_transition from=BOOT_INIT to=LIVE_WARMUP reason="radio_devices_live_update" cache_epoch=0 live_epoch=1
2026/09/15 19:21:24 semantic_address_identity_probe address=0x26 status=ok
2026/09/15 19:21:24 semantic_startup_phase_transition from=BOOT_INIT to=LIVE_WARMUP reason="radio_devices_live_update" cache_epoch=0 live_epoch=1
2026/09/15 19:21:27 semantic_startup_phase_transition from=LIVE_WARMUP to=LIVE_READY reason="radio_devices_live_update" cache_epoch=0 live_epoch=2
2026/09/15 19:21:27 semantic_address_identity_probe address=0x26 status=ok
2026/09/15 19:21:27 semantic_startup_phase_transition from=BOOT_INIT to=LIVE_WARMUP reason="radio_devices_live_update" cache_epoch=0 live_epoch=1
2026/09/15 19:21:27 semantic_address_identity_probe address=0x26 status=ok
2026/09/15 19:21:27 semantic_startup_phase_transition from=BOOT_INIT to=LIVE_WARMUP reason="radio_devices_live_update" cache_epoch=0 live_epoch=1
2026/09/15 19:21:27 semantic_startup_phase_transition from=BOOT_INIT to=LIVE_WARMUP reason="radio_devices_live_update" cache_epoch=0 live_epoch=1
2026/09/15 19:21:27 semantic_startup_phase_transition from=BOOT_INIT to=LIVE_WARMUP reason="radio_devices_live_update" cache_epoch=0 live_epoch=1
2026/09/15 19:21:27 semantic_startup_phase_transition from=BOOT_INIT to=LIVE_WARMUP reason="radio_devices_live_update" cache_epoch=0 live_epoch=1
2026/09/15 19:21:27 semantic_address_identity_probe address=0x26 status=ok
2026/09/15 19:21:27 semantic_startup_phase_transition from=BOOT_INIT to=LIVE_WARMUP reason="radio_devices_live_update" cache_epoch=0 live_epoch=1
2026/09/15 19:21:28 semantic_address_identity_probe address=0x26 status=ok
2026/09/15 19:21:28 semantic_startup_phase_transition from=BOOT_INIT to=LIVE_WARMUP reason="radio_devices_live_update" cache_epoch=0 live_epoch=1
2026/09/15 19:21:28 semantic_address_identity_probe address=0x26 status=ok
2026/09/15 19:21:28 semantic_startup_phase_transition from=BOOT_INIT to=LIVE_WARMUP reason="radio_devices_live_update" cache_epoch=0 live_epoch=1
2026/09/15 19:21:31 INFO runtime_state: file absent, starting empty path=[temp]/TestIssue846RuntimeStateUsesTheProcessReleaseAuthority1134134802/001/runtime-state.json
2026/09/15 19:21:31 semantic_regulator_capability capability=ControllerPresent
2026/09/15 19:21:31 semantic_regulator_transition from= to=PRESENT capability=ControllerPresent
2026/09/15 19:21:31 semantic_regulator_absence state=PRESENT capability=ControllerPresent
2026/09/15 19:21:31 semantic_regulator_capability capability=ControllerNone
2026/09/15 19:21:31 semantic_startup_phase_transition from=BOOT_INIT to=CACHE_LOADED_STALE reason="zones_cache_update" cache_epoch=1 live_epoch=0
2026/09/15 19:21:31 semantic_startup_phase_transition from=BOOT_INIT to=CACHE_LOADED_STALE reason="zones_cache_update" cache_epoch=1 live_epoch=0
2026/09/15 19:21:31 semantic_startup_phase_transition from=CACHE_LOADED_STALE to=LIVE_WARMUP reason="zones_live_update" cache_epoch=2 live_epoch=1
2026/09/15 19:21:31 semantic_startup_phase_transition from=LIVE_WARMUP to=LIVE_READY reason="dhw_live_update" cache_epoch=2 live_epoch=2
2026/09/15 19:21:31 semantic_startup_phase_transition from=BOOT_INIT to=CACHE_LOADED_STALE reason="zones_cache_update" cache_epoch=1 live_epoch=0
2026/09/15 19:21:31 semantic_dhw_update last_update_utc=2026-09-15T16:21:31Z
2026/09/15 19:21:31 semantic_startup_phase_transition from=BOOT_INIT to=LIVE_WARMUP reason="zones_live_update" cache_epoch=0 live_epoch=1
2026/09/15 19:21:31 semantic_startup_phase_transition from=BOOT_INIT to=LIVE_WARMUP reason="zones_live_update" cache_epoch=0 live_epoch=1
2026/09/15 19:21:31 semantic_startup_phase_transition from=BOOT_INIT to=LIVE_WARMUP reason="zones_live_update" cache_epoch=0 live_epoch=1
2026/09/15 19:21:31 semantic_startup_phase_transition from=BOOT_INIT to=LIVE_WARMUP reason="circuits_live_update" cache_epoch=0 live_epoch=1
2026/09/15 19:21:31 adapter_info: hw_id query failed: warmup
2026/09/15 19:21:31 adapter_info: hw_config query failed: warmup
2026/09/15 19:21:31 adapter_info: reset_info query failed: transient reset info failure
2026/09/15 19:21:31 adapter_info: reset_info query failed: transient reset info failure
2026/09/15 19:21:31 semantic_bus_collision total=1
2026/09/15 19:21:33 startup scan: using 3 target(s) from ebusd scan result at startup probe targets
2026/09/15 19:21:33 startup scan: aliased canonical companion 0x10↔0x15 (mfr="Vaillant" devID="BASV2")
2026/09/15 19:21:33 startup scan: pass=1 device(s), total=1
2026/09/15 19:21:33 startup scan stats: ok=0 timeouts=0 collisions=0 nacks=0 crc=0 other=0
2026/09/15 19:21:33 startup scan pass: source=0x7F sourceMode=configured targets=3 passTimeout=3m0s attempts=0
2026/09/15 19:21:33 startup scan: confirmation pending=true satisfied=false exhausted=false vaillant=true restricted=true retries=1 passes=1 total=1
2026/09/15 19:21:33 semantic_b524_root_discovery address=0x26 probed=2
2026/09/15 19:21:33 startup scan: using 1 target(s) from ebusd scan result at 127.0.0.1:19001
2026/09/15 19:21:33 startup scan: pass=0 device(s), total=0
2026/09/15 19:21:33 startup scan stats: ok=0 timeouts=0 collisions=0 nacks=0 crc=0 other=0
2026/09/15 19:21:33 startup scan pass: source=0xF7 sourceMode=auto-proxy targets=1 passTimeout=3m0s attempts=0
2026/09/15 19:21:33 startup scan: confirmation pending=false satisfied=false exhausted=false vaillant=false restricted=true retries=0 passes=0 total=0
2026/09/15 19:21:33 startup scan: using 1 target(s) from ebusd scan result at 127.0.0.1:19001
2026/09/15 19:21:33 startup scan: pass=0 device(s), total=0
2026/09/15 19:21:33 startup scan stats: ok=0 timeouts=0 collisions=0 nacks=0 crc=0 other=0
2026/09/15 19:21:33 startup scan pass: source=0xF7 sourceMode=auto-proxy targets=1 passTimeout=3m0s attempts=0
2026/09/15 19:21:33 startup scan: confirmation pending=false satisfied=false exhausted=false vaillant=false restricted=true retries=0 passes=0 total=0
2026/09/15 19:21:33 startup scan: using 1 target(s) from ebusd scan result at 127.0.0.1:8888
2026/09/15 19:21:33 startup scan: aliased canonical companion 0x03↔0x08 (mfr="Vaillant" devID="BAI00")
2026/09/15 19:21:33 startup scan: pass=1 device(s), total=1
2026/09/15 19:21:33 startup scan stats: ok=0 timeouts=0 collisions=0 nacks=0 crc=0 other=0
2026/09/15 19:21:33 startup scan pass: source=0xF0 sourceMode=configured targets=1 passTimeout=3m0s attempts=0
2026/09/15 19:21:33 startup scan: confirmation pending=true satisfied=false exhausted=false vaillant=true restricted=true retries=0 passes=1 total=1
2026/09/15 19:21:33 startup scan: using 1 target(s) from ebusd scan result at 127.0.0.1:8888
2026/09/15 19:21:33 startup scan fallback: imported 1 device(s) from ebusd scan result
2026/09/15 19:21:33 startup scan: pass=0 device(s), total=1
2026/09/15 19:21:33 startup scan stats: ok=0 timeouts=1 collisions=0 nacks=0 crc=0 other=0
2026/09/15 19:21:33 startup scan pass: source=0xF0 sourceMode=configured targets=1 passTimeout=3m0s attempts=0
2026/09/15 19:21:33 startup scan: confirmation pending=true satisfied=false exhausted=false vaillant=true restricted=true retries=0 passes=1 total=1
2026/09/15 19:21:33 startup scan: using 2 target(s) from ebusd scan result at 127.0.0.1:8888
2026/09/15 19:21:33 startup scan preload: imported=2 total=2 (ebusd-tcp)
2026/09/15 19:21:33 startup scan: retrying with full target range after partial ebusd inventory
2026/09/15 19:21:33 startup scan: aliased canonical companion 0x10↔0x15 (mfr="Vaillant" devID="BASV2")
2026/09/15 19:21:33 startup scan: pass=1 device(s), total=3
2026/09/15 19:21:33 startup scan stats: ok=0 timeouts=0 collisions=0 nacks=0 crc=0 other=0
2026/09/15 19:21:33 startup scan pass: source=0xF0 sourceMode=configured targets=0 passTimeout=3m0s attempts=0
2026/09/15 19:21:33 semantic_b524_root_discovery address=0x15 probed=3
2026/09/15 19:21:33 startup scan: confirmation pending=false satisfied=true exhausted=false vaillant=true restricted=false retries=0 passes=0 total=3
2026/09/15 19:21:33 semantic_b524_root_discovery address=0x15 probed=3
2026/09/15 19:21:33 semantic_b524_root_discovery address=0x15 probed=3
2026/09/15 19:21:33 startup scan: using 3 target(s) from ebusd scan result at 127.0.0.1:8888
2026/09/15 19:21:33 startup scan preload: imported=3 total=3 (ebusd-tcp)
2026/09/15 19:21:33 semantic_b524_root_discovery address=0x15 probed=3
2026/09/15 19:21:33 semantic_b524_root_discovery address=0x15 probed=3
2026/09/15 19:21:33 startup scan: using 1 target(s) from ebusd scan result at startup probe targets
2026/09/15 19:21:33 startup scan preload: imported=3 total=3 (ebusd-tcp)
2026/09/15 19:21:33 semantic_b524_root_discovery address=0x15 probed=3
2026/09/15 19:21:33 startup scan delayed enrich: attempt=1 missing_vaillant_serials=true
2026/09/15 19:21:33 startup scan delayed enrich: attempt=1 complete
2026/09/15 19:21:33 startup scan: using 2 target(s) from ebusd scan result at 127.0.0.1:8888
2026/09/15 19:21:33 startup scan preload: imported=2 total=2 (ebusd-tcp)
2026/09/15 19:21:33 startup scan: retrying with full target range after partial ebusd inventory
2026/09/15 19:21:33 startup scan: pass=0 device(s), total=2
2026/09/15 19:21:33 startup scan stats: ok=0 timeouts=0 collisions=0 nacks=0 crc=0 other=0
2026/09/15 19:21:33 startup scan pass: source=0xF0 sourceMode=configured targets=0 passTimeout=3m0s attempts=0
2026/09/15 19:21:33 startup scan: confirmation pending=true satisfied=false exhausted=false vaillant=true restricted=false retries=1 passes=1 total=2
2026/09/15 19:21:33 startup scan: using 2 target(s) from ebusd scan result at 127.0.0.1:8888
2026/09/15 19:21:33 startup scan preload: imported=0 total=2 (ebusd-tcp)
2026/09/15 19:21:33 startup scan: aliased canonical companion 0x10↔0x15 (mfr="Vaillant" devID="BASV2")
2026/09/15 19:21:33 startup scan: pass=1 device(s), total=3
2026/09/15 19:21:33 startup scan stats: ok=0 timeouts=0 collisions=0 nacks=0 crc=0 other=0
2026/09/15 19:21:33 startup scan pass: source=0xF0 sourceMode=configured targets=2 passTimeout=3m0s attempts=0
2026/09/15 19:21:33 semantic_b524_root_discovery address=0x15 probed=3
2026/09/15 19:21:33 startup scan: confirmation pending=false satisfied=true exhausted=false vaillant=true restricted=true retries=1 passes=0 total=3
2026/09/15 19:21:35 startup scan: using 2 target(s) from ebusd scan result at 127.0.0.1:8888
2026/09/15 19:21:35 startup scan preload: imported=1 total=1 (ebusd-tcp)
2026/09/15 19:21:35 startup scan: aliased canonical companion 0x10↔0x15 (mfr="Vaillant" devID="BASV2")
2026/09/15 19:21:35 startup scan: pass=1 device(s), total=2
2026/09/15 19:21:35 startup scan stats: ok=0 timeouts=0 collisions=0 nacks=0 crc=0 other=0
2026/09/15 19:21:35 startup scan pass: source=0xF0 sourceMode=configured targets=2 passTimeout=3m0s attempts=0
2026/09/15 19:21:35 semantic_b524_root_discovery address=0x15 probed=2
2026/09/15 19:21:35 startup scan: confirmation pending=false satisfied=true exhausted=false vaillant=true restricted=true retries=0 passes=0 total=2
2026/09/15 19:21:35 startup scan error: source selection: active probe requires explicit bounded targets
2026/09/15 19:21:35 startup scan: using 4 target(s) from ebusd scan result at 127.0.0.1:19001
2026/09/15 19:21:35 startup scan: aliased canonical companion 0xFF↔0x04 (mfr="Vaillant" devID="NETX3")
2026/09/15 19:21:35 startup scan: aliased canonical companion 0x03↔0x08 (mfr="Vaillant" devID="BAI00")
2026/09/15 19:21:35 startup scan: aliased canonical companion 0x10↔0x15 (mfr="Vaillant" devID="BASV2")
2026/09/15 19:21:35 startup scan: pass=4 device(s), total=4
2026/09/15 19:21:35 startup scan stats: ok=0 timeouts=0 collisions=0 nacks=0 crc=0 other=0
2026/09/15 19:21:35 startup scan pass: source=0xF0 sourceMode=configured targets=4 passTimeout=3m0s attempts=0
2026/09/15 19:21:35 startup scan: confirmation pending=true satisfied=false exhausted=false vaillant=true restricted=true retries=1 passes=1 total=4
2026/09/15 19:21:35 startup scan: using 4 target(s) from ebusd scan result at 127.0.0.1:19001
2026/09/15 19:21:35 startup scan: pass=4 device(s), total=4
2026/09/15 19:21:35 startup scan stats: ok=0 timeouts=0 collisions=0 nacks=0 crc=0 other=0
2026/09/15 19:21:35 startup scan pass: source=0xF0 sourceMode=configured targets=4 passTimeout=3m0s attempts=0
2026/09/15 19:21:35 startup scan: direct-scan confirmation exhausted after 2 retries, proceeding with bootstrap
2026/09/15 19:21:35 startup scan: confirmation pending=true satisfied=false exhausted=true vaillant=true restricted=true retries=2 passes=2 total=4
2026/09/15 19:21:35 startup scan: adapter-direct multiplexer detected; treating as source-selection-capable (underlying transport is always ENH/ENS)
2026/09/15 19:21:35 startup scan: using 3 target(s) from ebusd scan result at startup probe targets
2026/09/15 19:21:35 startup scan: aliased canonical companion 0xFF↔0x04 (mfr="Vaillant" devID="NETX3")
2026/09/15 19:21:35 startup scan: aliased canonical companion 0x03↔0x08 (mfr="Vaillant" devID="BAI00")
2026/09/15 19:21:35 startup scan: aliased canonical companion 0x10↔0x15 (mfr="Vaillant" devID="BASV2")
2026/09/15 19:21:35 startup scan: pass=4 device(s), total=4
2026/09/15 19:21:35 startup scan stats: ok=20 timeouts=173 collisions=0 nacks=0 crc=0 other=0
2026/09/15 19:21:35 startup scan pass: source=0xF0 sourceMode=configured targets=3 passTimeout=3m0s attempts=0
2026/09/15 19:21:35 startup scan: confirmation pending=true satisfied=false exhausted=false vaillant=true restricted=true retries=1 passes=1 total=4
2026/09/15 19:21:35 startup scan: using 3 target(s) from ebusd scan result at startup probe targets
2026/09/15 19:21:35 startup scan: pass=4 device(s), total=4
2026/09/15 19:21:35 startup scan stats: ok=20 timeouts=173 collisions=0 nacks=0 crc=0 other=0
2026/09/15 19:21:35 startup scan pass: source=0xF0 sourceMode=configured targets=3 passTimeout=3m0s attempts=0
2026/09/15 19:21:35 startup scan: direct-scan confirmation exhausted after 2 retries, proceeding with bootstrap
2026/09/15 19:21:35 startup scan: confirmation pending=true satisfied=false exhausted=true vaillant=true restricted=true retries=2 passes=2 total=4
2026/09/15 19:21:35 startup scan: adapter-direct multiplexer detected; treating as source-selection-capable (underlying transport is always ENH/ENS)
2026/09/15 19:21:35 startup scan: using 3 target(s) from ebusd scan result at startup probe targets
2026/09/15 19:21:35 startup scan error: context deadline exceeded
2026/09/15 19:21:35 startup scan: pass=0 device(s), total=4
2026/09/15 19:21:35 startup scan stats: ok=20 timeouts=174 collisions=0 nacks=0 crc=0 other=0
2026/09/15 19:21:35 startup scan pass: source=0xF0 sourceMode=configured targets=3 passTimeout=3m0s attempts=0
2026/09/15 19:21:35 startup scan: confirmation pending=true satisfied=false exhausted=false vaillant=true restricted=true retries=1 passes=1 total=4
2026/09/15 19:21:35 startup scan: using 3 target(s) from ebusd scan result at startup probe targets
2026/09/15 19:21:35 startup scan error: context deadline exceeded
2026/09/15 19:21:35 startup scan: pass=0 device(s), total=4
2026/09/15 19:21:35 startup scan stats: ok=20 timeouts=174 collisions=0 nacks=0 crc=0 other=0
2026/09/15 19:21:35 startup scan pass: source=0xF0 sourceMode=configured targets=3 passTimeout=3m0s attempts=0
2026/09/15 19:21:35 startup scan: direct-scan confirmation exhausted after 2 retries, proceeding with bootstrap
2026/09/15 19:21:35 startup scan: confirmation pending=true satisfied=false exhausted=true vaillant=true restricted=true retries=2 passes=2 total=4
2026/09/15 19:21:35 startup scan: adapter-direct multiplexer detected; treating as source-selection-capable (underlying transport is always ENH/ENS)
2026/09/15 19:21:35 startup scan: using 3 target(s) from ebusd scan result at startup probe targets
2026/09/15 19:21:35 startup scan error: context deadline exceeded
2026/09/15 19:21:35 startup scan: pass=0 device(s), total=3
2026/09/15 19:21:35 startup scan stats: ok=20 timeouts=174 collisions=0 nacks=0 crc=0 other=0
2026/09/15 19:21:35 startup scan pass: source=0xF0 sourceMode=configured targets=3 passTimeout=3m0s attempts=0
2026/09/15 19:21:35 startup scan: confirmation pending=true satisfied=false exhausted=false vaillant=true restricted=true retries=1 passes=1 total=3
2026/09/15 19:21:35 startup scan: using 3 target(s) from ebusd scan result at startup probe targets
2026/09/15 19:21:35 startup scan error: context deadline exceeded
2026/09/15 19:21:35 startup scan: pass=0 device(s), total=3
2026/09/15 19:21:35 startup scan stats: ok=20 timeouts=174 collisions=0 nacks=0 crc=0 other=0
2026/09/15 19:21:35 startup scan pass: source=0xF0 sourceMode=configured targets=3 passTimeout=3m0s attempts=0
2026/09/15 19:21:35 startup scan: direct-scan confirmation exhausted after 2 retries, proceeding with bootstrap
2026/09/15 19:21:35 startup scan: confirmation pending=true satisfied=false exhausted=true vaillant=true restricted=true retries=2 passes=2 total=3
2026/09/15 19:21:36 semantic_b524_root_discovery address=0x15 probed=4
2026/09/15 19:21:36 static seed table: planted 6 address(es) across 2 device(s) at startup (source=productids.LoadSeedTable, label=static_seed/candidate)
2026/09/15 19:21:36 static seed table: planted 6 address(es) across 2 device(s) at startup (source=productids.LoadSeedTable, label=static_seed/candidate)
2026/09/15 19:21:36 static seed table: planted 6 address(es) across 2 device(s) at startup (source=productids.LoadSeedTable, label=static_seed/candidate)
2026/09/15 19:21:36 static seed table: planted 6 address(es) across 2 device(s) at startup (source=productids.LoadSeedTable, label=static_seed/candidate)
2026/09/15 19:21:36 portal request method=GET path="/api/v1/explorer/read/b509" route=api.explorer status=503 duration_ms=0
2026/09/15 19:21:36 portal request method=GET path="/api/v1/explorer/read/b509" route=api.explorer status=503 duration_ms=0
2026/09/15 19:21:36 portal request method=GET path="/api/v1/explorer/read/b509" route=api.explorer status=200 duration_ms=0
2026/09/15 19:21:36 portal request method=GET path="/api/v1/explorer/read/b509" route=api.explorer status=503 duration_ms=0
2026/09/15 19:21:36 portal request method=GET path="/api/v1/explorer/read/b509" route=api.explorer status=503 duration_ms=0
2026/09/15 19:21:36 portal request method=GET path="/api/v1/explorer/read/b509" route=api.explorer status=200 duration_ms=0
2026/09/15 19:21:36 portal request method=GET path="/api/v1/explorer/read/b509" route=api.explorer status=503 duration_ms=0
--- FAIL: TestIssue552B503DisableReadMuDeadlineBeforeEmissionPreservesOwner (0.02s)
    vaillant_b503_dispatcher_test.go:655: pre-emission readMu deadline unexpectedly confirmed Disable
2026/09/15 19:22:31 semantic_energy_merge_accept source=register
2026/09/15 19:22:31 semantic_zone_presence_transition instance=0 from=ABSENT to=SUSPECT_RESURRECT hit_streak=1 miss_streak=0 zone_count=0
2026/09/15 19:22:31 semantic_zone_presence_transition instance=1 from=ABSENT to=SUSPECT_RESURRECT hit_streak=1 miss_streak=0 zone_count=0
2026/09/15 19:22:31 semantic_zone_presence_transition instance=1 from=SUSPECT_RESURRECT to=PRESENT hit_streak=2 miss_streak=0 zone_count=1
2026/09/15 19:22:31 semantic_startup_phase_transition from=BOOT_INIT to=LIVE_WARMUP reason="dhw_live_update" cache_epoch=0 live_epoch=1
2026/09/15 19:22:31 semantic_b524_root: gateway.discoverB524Root: nil poller or registry
2026/09/15 19:22:31 semantic_zone_presence_transition instance=4 from=ABSENT to=SUSPECT_RESURRECT hit_streak=1 miss_streak=0 zone_count=0
2026/09/15 19:22:31 semantic_b524_root_discovery address=0x15 probed=3
2026/09/15 19:22:31 semantic_startup_phase_transition from=BOOT_INIT to=LIVE_WARMUP reason="zones_live_update" cache_epoch=0 live_epoch=1
2026/09/15 19:22:31 semantic_zone_presence_transition instance=0 from=SUSPECT_RESURRECT to=PRESENT hit_streak=2 miss_streak=0 zone_count=2
2026/09/15 19:22:31 semantic_startup_phase_transition from=BOOT_INIT to=LIVE_WARMUP reason="circuits_live_update" cache_epoch=0 live_epoch=1
2026/09/15 19:22:31 semantic_startup_phase_transition from=LIVE_WARMUP to=LIVE_READY reason="circuits_live_update" cache_epoch=0 live_epoch=2
2026/09/15 19:22:31 semantic_dhw_update last_update_utc=2026-01-10T08:00:00Z
2026/09/15 19:22:31 semantic_startup_phase_transition from=BOOT_INIT to=LIVE_WARMUP reason="dhw_live_update" cache_epoch=0 live_epoch=1
2026/09/15 19:22:31 semantic_b524_root: gateway.discoverB524Root: nil poller or registry
2026/09/15 19:22:31 semantic_startup_phase_transition from=BOOT_INIT to=LIVE_WARMUP reason="zones_live_update" cache_epoch=0 live_epoch=1
2026/09/15 19:22:31 semantic_startup_phase_transition from=BOOT_INIT to=LIVE_WARMUP reason="zones_live_update" cache_epoch=0 live_epoch=1
2026/09/15 19:22:31 semantic_zone_presence_transition instance=0 from=ABSENT to=SUSPECT_RESURRECT hit_streak=1 miss_streak=0 zone_count=0
2026/09/15 19:22:31 semantic_zone_presence_transition instance=0 from=SUSPECT_RESURRECT to=PRESENT hit_streak=2 miss_streak=0 zone_count=1
2026/09/15 19:22:31 semantic_zone_presence_transition instance=3 from=SUSPECT_RESURRECT to=PRESENT hit_streak=2 miss_streak=0 zone_count=1
2026/09/15 19:22:31 semantic_b524_root: gateway.discoverB524Root: nil poller or registry
2026/09/15 19:22:31 semantic_zone_presence_transition instance=0 from=PRESENT to=SUSPECT_MISSING hit_streak=0 miss_streak=1 zone_count=1
2026/09/15 19:22:31 semantic_dhw_expired ttl=10m0s age=11m0s last_update_utc=2026-01-11T09:00:00Z
2026/09/15 19:22:31 semantic_zone_presence_transition instance=0 from=SUSPECT_MISSING to=PRESENT hit_streak=2 miss_streak=0 zone_count=1
2026/09/15 19:22:31 semantic_startup_phase_transition from=BOOT_INIT to=LIVE_WARMUP reason="zones_live_update" cache_epoch=0 live_epoch=1
2026/09/15 19:22:31 semantic_zone_presence_transition instance=0 from=PRESENT to=SUSPECT_MISSING hit_streak=0 miss_streak=1 zone_count=1
2026/09/15 19:22:31 semantic_zone_presence_transition instance=2 from=PRESENT to=SUSPECT_MISSING hit_streak=0 miss_streak=1 zone_count=1
2026/09/15 19:22:31 semantic_zone_presence_transition instance=0 from=SUSPECT_MISSING to=PRESENT hit_streak=2 miss_streak=0 zone_count=1
2026/09/15 19:22:31 semantic_startup_phase_transition from=BOOT_INIT to=LIVE_WARMUP reason="dhw_live_update" cache_epoch=0 live_epoch=1
2026/09/15 19:22:31 semantic_dhw_expired ttl=10m0s age=11m0s last_update_utc=2026-01-10T08:00:00Z
2026/09/15 19:22:31 semantic_zone_presence_transition instance=0 from=PRESENT to=SUSPECT_MISSING hit_streak=0 miss_streak=1 zone_count=1
2026/09/15 19:22:31 semantic_zone_presence_transition instance=2 from=SUSPECT_MISSING to=ABSENT hit_streak=0 miss_streak=3 zone_count=0
2026/09/15 19:22:31 semantic_zone_presence_transition instance=0 from=SUSPECT_MISSING to=PRESENT hit_streak=2 miss_streak=0 zone_count=1
2026/09/15 19:22:31 semantic_startup_phase_transition from=BOOT_INIT to=LIVE_WARMUP reason="dhw_live_update" cache_epoch=0 live_epoch=1
2026/09/15 19:22:31 semantic_zone_presence_transition instance=0 from=PRESENT to=SUSPECT_MISSING hit_streak=0 miss_streak=1 zone_count=1
2026/09/15 19:22:31 semantic_b524_root_discovery address=0x15 probed=3
2026/09/15 19:22:31 semantic_zone_presence_transition instance=0 from=SUSPECT_MISSING to=PRESENT hit_streak=2 miss_streak=0 zone_count=1
2026/09/15 19:22:31 semantic_zone_presence_transition instance=0 from=PRESENT to=SUSPECT_MISSING hit_streak=0 miss_streak=1 zone_count=1
2026/09/15 19:22:31 semantic_zone_presence_transition instance=0 from=SUSPECT_MISSING to=PRESENT hit_streak=2 miss_streak=0 zone_count=1
2026/09/15 19:22:31 semantic_zone_presence_transition instance=1 from=ABSENT to=SUSPECT_RESURRECT hit_streak=1 miss_streak=0 zone_count=0
2026/09/15 19:22:31 semantic_zone_presence_transition instance=0 from=PRESENT to=SUSPECT_MISSING hit_streak=0 miss_streak=1 zone_count=1
2026/09/15 19:22:31 semantic_startup_phase_transition from=BOOT_INIT to=LIVE_WARMUP reason="zones_live_update" cache_epoch=0 live_epoch=1
2026/09/15 19:22:31 semantic_zone_presence_transition instance=0 from=SUSPECT_MISSING to=PRESENT hit_streak=2 miss_streak=0 zone_count=1
2026/09/15 19:22:31 semantic_zone_presence_transition instance=1 from=SUSPECT_RESURRECT to=PRESENT hit_streak=2 miss_streak=0 zone_count=1
2026/09/15 19:22:31 semantic_zone_presence_transition instance=1 from=PRESENT to=SUSPECT_MISSING hit_streak=0 miss_streak=1 zone_count=1
2026/09/15 19:22:31 semantic_zone_presence_transition instance=1 from=SUSPECT_MISSING to=ABSENT hit_streak=0 miss_streak=3 zone_count=0
2026/09/15 19:22:31 semantic_zone_presence_transition instance=1 from=ABSENT to=SUSPECT_RESURRECT hit_streak=1 miss_streak=0 zone_count=0
2026/09/15 19:22:31 semantic_zone_presence_transition instance=1 from=SUSPECT_RESURRECT to=ABSENT hit_streak=0 miss_streak=0 zone_count=0
2026/09/15 19:22:31 semantic_zone_presence_transition instance=1 from=ABSENT to=SUSPECT_RESURRECT hit_streak=1 miss_streak=0 zone_count=0
2026/09/15 19:22:31 semantic_zone_presence_transition instance=1 from=SUSPECT_RESURRECT to=PRESENT hit_streak=2 miss_streak=0 zone_count=1
2026/09/15 19:22:31 semantic_startup_phase_transition from=BOOT_INIT to=CACHE_LOADED_STALE reason="dhw_cache_update" cache_epoch=1 live_epoch=0
2026/09/15 19:22:31 semantic_b524_root_discovery address=0x15 probed=3
2026/09/15 19:22:31 semantic_b524_root: gateway.discoverB524Root: nil poller or registry
2026/09/15 19:22:31 semantic_startup_phase_transition from=CACHE_LOADED_STALE to=LIVE_WARMUP reason="dhw_live_update" cache_epoch=2 live_epoch=1
2026/09/15 19:22:31 semantic_b524_root: gateway.discoverB524Root: nil poller or registry
2026/09/15 19:22:31 semantic_b524_root_discovery address=0x15 probed=3
2026/09/15 19:22:31 semantic_b524_root_discovery address=0x26 probed=3
2026/09/15 19:22:31 semantic_startup_phase_transition from=BOOT_INIT to=LIVE_WARMUP reason="zones_live_update" cache_epoch=0 live_epoch=1
2026/09/15 19:22:31 semantic_startup_phase_transition from=LIVE_WARMUP to=LIVE_READY reason="dhw_live_update" cache_epoch=0 live_epoch=2
2026/09/15 19:22:31 semantic_startup_l1_priming result=ready attempts=1 zones=true dhw=true circuits=true system=true radio_devices=true fm5_gate_known=false fm5_evidence=false fm5_required=false fm5_satisfied=true solar=true cylinders=true boiler_status=true
2026/09/15 19:22:31 semantic_startup_phase_transition from=BOOT_INIT to=LIVE_WARMUP reason="zones_live_update" cache_epoch=0 live_epoch=1
2026/09/15 19:22:31 semantic_startup_phase_transition from=LIVE_WARMUP to=LIVE_READY reason="dhw_live_update" cache_epoch=0 live_epoch=2
2026/09/15 19:22:31 semantic_regulator_capability capability=ControllerNone
2026/09/15 19:22:31 semantic_regulator_transition from=PRESENT to=ABSENCE_GRACE capability=ControllerNone
2026/09/15 19:22:31 semantic_regulator_absence state=ABSENCE_GRACE capability=ControllerNone
2026/09/15 19:22:31 semantic_regulator_recheck inventory_change prev=2 curr=1
2026/09/15 19:22:31 semantic_b524_root: gateway.discoverB524Root: no coherent responder among [0x15, 0x08, 0x26]
2026/09/15 19:22:31 semantic_b524_root_discovery address=0x15 probed=3
2026/09/15 19:22:31 semantic_controller_enrichment address=0x15 family= device=BASV
2026/09/15 19:22:31 semantic_b524_root_discovery address=0x15 probed=4
2026/09/15 19:22:31 semantic_controller_enrichment address=0x15 family= device=BASV
2026/09/15 19:22:31 semantic_regulator_capability capability=ControllerPresent
2026/09/15 19:22:31 semantic_regulator_transition from=ABSENT to=PRESENT capability=ControllerPresent
2026/09/15 19:22:31 semantic_regulator_absence state=PRESENT capability=ControllerPresent
2026/09/15 19:22:31 semantic_regulator_recheck inventory_change prev=1 curr=2
2026/09/15 19:22:31 semantic_b524_root: gateway.discoverB524Root: no coherent responder among [0x15, 0x08, 0x26, 0x60]
2026/09/15 19:22:31 semantic energy b524: accepted=0 failed=12
2026/09/15 19:22:31 semantic_b524_root_discovery address=0x15 probed=3
2026/09/15 19:22:31 semantic_controller_enrichment address=0x15 family= device=BASV
2026/09/15 19:22:31 semantic_dhw_update last_update_utc=2026-09-15T16:22:31Z
2026/09/15 19:22:31 semantic_startup_phase_transition from=BOOT_INIT to=LIVE_WARMUP reason="dhw_live_update" cache_epoch=0 live_epoch=1
2026/09/15 19:22:31 semantic_startup_phase_transition from=LIVE_WARMUP to=LIVE_READY reason="boiler_live_update" cache_epoch=0 live_epoch=2
2026/09/15 19:22:31 semantic_b524_root_discovery address=0x08 probed=2
2026/09/15 19:22:31 semantic_b524_root_discovery address=0x26 probed=2
2026/09/15 19:22:31 semantic_b524_root_discovery address=0x15 probed=2
2026/09/15 19:22:31 semantic_zone_presence_transition instance=1 from=PRESENT to=SUSPECT_MISSING hit_streak=0 miss_streak=1 zone_count=1
2026/09/15 19:22:31 semantic_b524_root: gateway.discoverB524Root: no coherent responder among [0x15, 0x08, 0x26, 0x60]
2026/09/15 19:22:31 semantic_regulator_capability capability=ControllerPresent
2026/09/15 19:22:31 semantic_dhw_expired ttl=15m0s age=20m0s last_update_utc=2026-01-10T07:40:00Z
2026/09/15 19:22:31 semantic_passive_shadow_write_rejected key="b509:08:0200" reason=stale_timestamp
2026/09/15 19:22:31 semantic_zone_presence_transition instance=1 from=PRESENT to=SUSPECT_MISSING hit_streak=0 miss_streak=1 zone_count=2
2026/09/15 19:22:31 semantic_regulator_transition from=ABSENCE_GRACE to=ABSENT capability=ControllerNone
2026/09/15 19:22:31 semantic_regulator_absence state=ABSENT capability=ControllerNone
2026/09/15 19:22:31 semantic_startup_phase_transition from=BOOT_INIT to=LIVE_WARMUP reason="zones_live_update" cache_epoch=0 live_epoch=1
2026/09/15 19:22:31 semantic_zone_presence_transition instance=2 from=ABSENT to=SUSPECT_RESURRECT hit_streak=1 miss_streak=0 zone_count=0
2026/09/15 19:22:31 semantic_zone_presence_transition instance=2 from=SUSPECT_RESURRECT to=PRESENT hit_streak=2 miss_streak=0 zone_count=1
2026/09/15 19:22:31 semantic_zone_presence_transition instance=2 from=PRESENT to=SUSPECT_MISSING hit_streak=0 miss_streak=1 zone_count=1
2026/09/15 19:22:31 semantic_zone_presence_transition instance=2 from=SUSPECT_MISSING to=ABSENT hit_streak=0 miss_streak=3 zone_count=0
2026/09/15 19:22:31 semantic_b524_root_discovery address=0x15 probed=3
2026/09/15 19:22:31 semantic_controller_enrichment address=0x15 family= device=BASV
2026/09/15 19:22:31 semantic_controller_discovery address=0x15
2026/09/15 19:22:31 semantic_b524_root_discovery address=0x15 probed=3
2026/09/15 19:22:31 semantic_controller_enrichment address=0x15 family= device=BASV
2026/09/15 19:22:31 semantic_b524_root_discovery address=0x15 probed=4
2026/09/15 19:22:31 semantic_b524_root_discovery address=0x15 probed=3
2026/09/15 19:22:31 semantic_b524_root_discovery address=0x15 probed=3
2026/09/15 19:22:31 semantic_regulator_recheck inventory_change prev=2 curr=3
2026/09/15 19:22:31 semantic_b524_root: gateway.discoverB524Root: no coherent responder among [0x15, 0x08, 0x26, 0x60, 0x70]
2026/09/15 19:22:31 semantic_startup_phase_transition from=BOOT_INIT to=LIVE_WARMUP reason="zones_live_update" cache_epoch=0 live_epoch=1
2026/09/15 19:22:31 semantic_startup_phase_transition from=BOOT_INIT to=LIVE_WARMUP reason="zones_live_update" cache_epoch=0 live_epoch=1
2026/09/15 19:22:31 semantic_startup_phase_transition from=LIVE_WARMUP to=LIVE_READY reason="dhw_live_update" cache_epoch=0 live_epoch=2
2026/09/15 19:22:31 semantic poller: startup barrier cleared, starting polling loops
2026/09/15 19:22:31 semantic_b524_root: gateway.discoverB524Root: nil poller or registry
2026/09/15 19:22:31 semantic_startup_phase_transition from=BOOT_INIT to=LIVE_WARMUP reason="radio_devices_live_update" cache_epoch=0 live_epoch=1
2026/09/15 19:22:31 semantic_startup_phase_transition from=BOOT_INIT to=LIVE_WARMUP reason="zones_live_update" cache_epoch=0 live_epoch=1
2026/09/15 19:22:31 semantic_startup_phase_transition from=LIVE_WARMUP to=LIVE_READY reason="dhw_live_update" cache_epoch=0 live_epoch=2
2026/09/15 19:22:31 semantic_startup_phase_transition from=BOOT_INIT to=LIVE_WARMUP reason="zones_live_update" cache_epoch=0 live_epoch=1
2026/09/15 19:22:31 semantic_startup_phase_transition from=LIVE_WARMUP to=LIVE_READY reason="dhw_live_update" cache_epoch=0 live_epoch=2
2026/09/15 19:22:31 semantic_startup_phase_transition from=BOOT_INIT to=CACHE_LOADED_STALE reason="boiler_cache_update" cache_epoch=1 live_epoch=0
2026/09/15 19:22:31 semantic_startup_phase_transition from=BOOT_INIT to=LIVE_WARMUP reason="zones_live_update" cache_epoch=0 live_epoch=1
2026/09/15 19:22:31 semantic_startup_phase_transition from=LIVE_WARMUP to=LIVE_READY reason="dhw_live_update" cache_epoch=0 live_epoch=2
2026/09/15 19:22:31 semantic_startup_phase_transition from=BOOT_INIT to=CACHE_LOADED_STALE reason="dhw_cache_update" cache_epoch=1 live_epoch=0
2026/09/15 19:22:31 semantic_b524_root_discovery address=0x15 probed=3
2026/09/15 19:22:31 semantic_controller_enrichment address=0x15 family= device=BASV
2026/09/15 19:22:31 semantic_energy_merge_accept source=register
2026/09/15 19:22:31 semantic_energy_merge_accept source=register
2026/09/15 19:22:31 semantic energy b524: accepted=0 failed=12
2026/09/15 19:22:31 semantic_b524_root_discovery address=0x15 probed=3
2026/09/15 19:22:31 semantic_b524_root: gateway.discoverB524Root: nil poller or registry
2026/09/15 19:22:31 semantic_dhw_update last_update_utc=2026-09-15T16:22:31Z
2026/09/15 19:22:31 semantic_startup_phase_transition from=BOOT_INIT to=LIVE_WARMUP reason="zones_live_update" cache_epoch=0 live_epoch=1
2026/09/15 19:22:31 semantic_startup_phase_transition from=LIVE_WARMUP to=LIVE_READY reason="dhw_live_update" cache_epoch=0 live_epoch=2
2026/09/15 19:22:31 semantic_b524_root_discovery address=0x15 probed=3
2026/09/15 19:22:31 semantic_controller_registry_register address=0x15 source=b524_structural_fallback
2026/09/15 19:22:31 semantic_b524_root_discovery address=0x15 probed=2
2026/09/15 19:22:31 semantic_dhw_update last_update_utc=2026-09-15T16:22:31Z
2026/09/15 19:22:31 semantic_startup_phase_transition from=BOOT_INIT to=LIVE_WARMUP reason="dhw_live_update" cache_epoch=0 live_epoch=1
2026/09/15 19:22:31 semantic_startup_phase_transition from=LIVE_WARMUP to=LIVE_READY reason="boiler_live_update" cache_epoch=0 live_epoch=2
2026/09/15 19:22:31 semantic_b524_root_discovery address=0x15 probed=3
2026/09/15 19:22:31 semantic_controller_registry_register address=0x15 source=b524_structural_fallback
2026/09/15 19:22:31 semantic_startup_phase_transition from=BOOT_INIT to=LIVE_WARMUP reason="boiler_live_update" cache_epoch=0 live_epoch=1
2026/09/15 19:22:31 semantic_dhw_update last_update_utc=2026-09-15T16:22:31Z
2026/09/15 19:22:31 semantic_startup_phase_transition from=BOOT_INIT to=LIVE_WARMUP reason="dhw_live_update" cache_epoch=0 live_epoch=1
2026/09/15 19:22:31 semantic_b524_root: gateway.discoverB524Root: no coherent responder among [0x15, 0x08, 0x26]
2026/09/15 19:22:31 semantic_b524_root: gateway.discoverB524Root: no coherent responder among [0x15, 0x08, 0x26]
2026/09/15 19:22:31 semantic_startup_phase_transition from=BOOT_INIT to=LIVE_WARMUP reason="circuits_live_update" cache_epoch=0 live_epoch=1
2026/09/15 19:22:31 semantic_startup_phase_transition from=LIVE_WARMUP to=LIVE_READY reason="circuits_live_update" cache_epoch=0 live_epoch=2
2026/09/15 19:22:31 semantic_startup_phase_transition from=BOOT_INIT to=LIVE_WARMUP reason="circuits_live_update" cache_epoch=0 live_epoch=1
2026/09/15 19:22:31 semantic_startup_phase_transition from=BOOT_INIT to=LIVE_WARMUP reason="circuits_live_update" cache_epoch=0 live_epoch=1
2026/09/15 19:22:31 semantic_startup_phase_transition from=BOOT_INIT to=LIVE_WARMUP reason="zones_live_update" cache_epoch=0 live_epoch=1
2026/09/15 19:22:31 semantic_startup_phase_transition from=BOOT_INIT to=LIVE_WARMUP reason="zones_live_update" cache_epoch=0 live_epoch=1
2026/09/15 19:22:31 semantic_startup_phase_transition from=BOOT_INIT to=LIVE_WARMUP reason="zones_live_update" cache_epoch=0 live_epoch=1
2026/09/15 19:22:31 b524 read mismatch: want opcode=0x02 group=0x03 instance=0x01 addr=0x0022; got kind=0x01 group=0x03 addr=0x0021 len=5
2026/09/15 19:22:31 b524 read mismatch: want opcode=0x02 group=0x03 instance=0x01 addr=0x0022; got kind=0x01 group=0x02 addr=0x0022 len=5
2026/09/15 19:22:31 b524 read mismatch: want opcode=0x02 group=0x03 instance=0x00 addr=0x0022; got reply-instance=0x05 (group=0x03 addr=0x0022)
2026/09/15 19:22:31 semantic_startup_phase_transition from=BOOT_INIT to=LIVE_WARMUP reason="circuits_live_update" cache_epoch=0 live_epoch=1
2026/09/15 19:22:32 semantic_dhw_update last_update_utc=2026-09-15T16:22:32Z
2026/09/15 19:22:32 semantic_startup_phase_transition from=BOOT_INIT to=LIVE_WARMUP reason="zones_live_update" cache_epoch=0 live_epoch=1
2026/09/15 19:22:32 semantic_startup_phase_transition from=LIVE_WARMUP to=LIVE_READY reason="dhw_live_update" cache_epoch=0 live_epoch=2
2026/09/15 19:22:32 semantic_startup_phase_transition from=BOOT_INIT to=CACHE_LOADED_STALE reason="circuits_cache_update" cache_epoch=1 live_epoch=0
2026/09/15 19:22:32 semantic_startup_phase_transition from=BOOT_INIT to=LIVE_WARMUP reason="circuits_live_update" cache_epoch=0 live_epoch=1
2026/09/15 19:22:34 semantic_dhw_update last_update_utc=2026-09-15T16:22:34Z
2026/09/15 19:22:34 semantic_startup_phase_transition from=BOOT_INIT to=CACHE_LOADED_STALE reason="zones_cache_update" cache_epoch=1 live_epoch=0
2026/09/15 19:22:34 semantic_startup_phase_transition from=CACHE_LOADED_STALE to=LIVE_WARMUP reason="dhw_live_update" cache_epoch=1 live_epoch=1
2026/09/15 19:22:48 semantic_startup_phase_transition from=BOOT_INIT to=DEGRADED reason="boot_live_timeout elapsed=2m0s" cache_epoch=0 live_epoch=0
2026/09/15 19:23:06 semantic_startup_l1_priming result=deadline attempts=70 zones=false dhw=true circuits=true system=true radio_devices=true fm5_gate_known=true fm5_evidence=false fm5_required=false fm5_satisfied=true solar=true cylinders=true boiler_status=true
2026/09/15 19:23:06 semantic_controller_discovery address=0x15
2026/09/15 19:23:06 semantic_startup_l1_priming result=deadline attempts=70 zones=false dhw=true circuits=true system=true radio_devices=true fm5_gate_known=true fm5_evidence=false fm5_required=false fm5_satisfied=true solar=true cylinders=true boiler_status=true
2026/09/15 19:23:06 semantic_controller_discovery address=0x15
2026/09/15 19:23:07 semantic_startup_l1_priming result=deadline attempts=70 zones=false dhw=false circuits=true system=false radio_devices=true fm5_gate_known=false fm5_evidence=false fm5_required=false fm5_satisfied=true solar=true cylinders=true boiler_status=false
2026/09/15 19:23:07 semantic_regulator_capability capability=ControllerPresent
2026/09/15 19:23:07 semantic_controller_discovery address=0x15
2026/09/15 19:23:07 semantic_b524_root_discovery address=0x15 probed=4
2026/09/15 19:23:07 semantic_controller_enrichment address=0x15 family= device=BASV
2026/09/15 19:23:07 semantic energy b524: accepted=0 failed=12
FAIL
FAIL    github.com/Project-Helianthus/helianthus-ebusgateway/cmd/gateway    149.603s
ok      github.com/Project-Helianthus/helianthus-ebusgateway/cmd/matrix-runner    1.209s
?       github.com/Project-Helianthus/helianthus-ebusgateway/cmd/smoke    [no test files]
ok      github.com/Project-Helianthus/helianthus-ebusgateway/graphql    2.721s
ok      github.com/Project-Helianthus/helianthus-ebusgateway/internal/adaptermux    114.086s
ok      github.com/Project-Helianthus/helianthus-ebusgateway/internal/adaptermux/v8classifier    2.043s
ok      github.com/Project-Helianthus/helianthus-ebusgateway/internal/adversarial    2.809s
ok      github.com/Project-Helianthus/helianthus-ebusgateway/internal/adversarialpackaging    4.963s
ok      github.com/Project-Helianthus/helianthus-ebusgateway/internal/candidatefacts    23.449s
ok      github.com/Project-Helianthus/helianthus-ebusgateway/internal/candidatefacts/cmd/rawfirst    1.600s
ok      github.com/Project-Helianthus/helianthus-ebusgateway/internal/coexistence    56.977s
?       github.com/Project-Helianthus/helianthus-ebusgateway/internal/coexistence/cmd/msp08harness    [no test files]
ok      github.com/Project-Helianthus/helianthus-ebusgateway/internal/drivermanager    1.476s
ok      github.com/Project-Helianthus/helianthus-ebusgateway/internal/ebusdscan    1.264s
ok      github.com/Project-Helianthus/helianthus-ebusgateway/internal/eebusadmin    2.436s
ok      github.com/Project-Helianthus/helianthus-ebusgateway/internal/eebuscommand    1.292s
ok      github.com/Project-Helianthus/helianthus-ebusgateway/internal/execution_policy    1.258s
ok      github.com/Project-Helianthus/helianthus-ebusgateway/internal/m8sourcecapture    1.474s
ok      github.com/Project-Helianthus/helianthus-ebusgateway/internal/m8sourcecapture/cmd/m8sourcecapture    1.213s
?       github.com/Project-Helianthus/helianthus-ebusgateway/internal/m8sourcestate    [no test files]
ok      github.com/Project-Helianthus/helianthus-ebusgateway/internal/matrix    1.384s
ok      github.com/Project-Helianthus/helianthus-ebusgateway/internal/modbusadapter    132.146s
ok      github.com/Project-Helianthus/helianthus-ebusgateway/internal/nm_runtime    1.326s
ok      github.com/Project-Helianthus/helianthus-ebusgateway/internal/promotioncapture    2.474s
ok      github.com/Project-Helianthus/helianthus-ebusgateway/internal/promotioncapture/cmd/leafpromotionartifacts    1.231s
ok      github.com/Project-Helianthus/helianthus-ebusgateway/internal/promotionlock    3.835s
ok      github.com/Project-Helianthus/helianthus-ebusgateway/internal/releasecheck    1.245s
ok      github.com/Project-Helianthus/helianthus-ebusgateway/internal/rpc_source    1.216s
ok      github.com/Project-Helianthus/helianthus-ebusgateway/internal/runtimestate    1.349s
ok      github.com/Project-Helianthus/helianthus-ebusgateway/internal/syncevidence    24.766s
ok      github.com/Project-Helianthus/helianthus-ebusgateway/internal/vaillant/b503session    2.066s
ok      github.com/Project-Helianthus/helianthus-ebusgateway/m2mgraphql    1.341s
?       github.com/Project-Helianthus/helianthus-ebusgateway/matter    [no test files]
ok      github.com/Project-Helianthus/helianthus-ebusgateway/mcp    31.479s
ok      github.com/Project-Helianthus/helianthus-ebusgateway/mcp/ebus_standard    1.436s
ok      github.com/Project-Helianthus/helianthus-ebusgateway/mdns    1.236s
ok      github.com/Project-Helianthus/helianthus-ebusgateway/portal    3.432s
ok      github.com/Project-Helianthus/helianthus-ebusgateway/portal/catalogv1    1.321s
ok      github.com/Project-Helianthus/helianthus-ebusgateway/portal/contributionv1    1.525s
ok      github.com/Project-Helianthus/helianthus-ebusgateway/portalgraphql    1.253s
ok      github.com/Project-Helianthus/helianthus-ebusgateway/ui    1.268s
FAIL
